n_qubits,state_type,observable,observable_weight,method,requested_copy_budget,mean_actual_total_copies,mean_collection_total_copies,replicates,bias,mae,rmse,p90_absolute_error,physical_fraction
2,haar,IZ,1,classical_shadow,90,90.0,90.0,20,0.020134342341376503,0.12074852993889999,0.15083159739067917,0.26251435696331904,not_applicable
2,haar,IZ,1,classical_shadow,180,180.0,180.0,20,0.0901343423413765,0.1272430426170971,0.16639701266383253,0.2859018876551991,not_applicable
2,haar,IZ,1,classical_shadow,450,450.0,450.0,20,0.01980100900804318,0.0623477959264749,0.07551209237028028,0.10625765182606228,not_applicable
2,haar,IZ,1,classical_shadow,900,900.0,900.0,20,0.010467675674709844,0.0351508149122988,0.043029245711986935,0.06474184236762655,not_applicable
2,haar,IZ,1,classical_shadow,1800,1800.0,1800.0,20,0.005134342341376508,0.03069147243473533,0.04075654921947222,0.07347232170992933,not_applicable
2,haar,IZ,1,classical_shadow,4500,4500.0,4500.0,20,-0.0017323243252901598,0.022661288101005657,0.025659164614232507,0.04058464982154149,not_applicable
2,haar,IZ,1,direct_split_collection_budget,90,22.0,88.0,20,-0.01683535462832047,0.14733666749771707,0.17258284759040746,0.26388374619464683,not_applicable
2,haar,IZ,1,direct_split_collection_budget,180,45.0,180.0,20,0.03791212011915429,0.1128341492454713,0.13970293994974092,0.2219054653527739,not_applicable
2,haar,IZ,1,direct_split_collection_budget,450,112.0,448.0,20,0.0021581518651860284,0.07897242816294452,0.09588229502990686,0.14065664212589601,not_applicable
2,haar,IZ,1,direct_split_collection_budget,900,225.0,900.0,20,0.015245453452487612,0.043821577066952735,0.05651565691967236,0.09432448883117507,not_applicable
2,haar,IZ,1,direct_split_collection_budget,1800,450.0,1800.0,20,0.010134342341376498,0.03196764077405123,0.038812832096466396,0.0672643171444146,not_applicable
2,haar,IZ,1,direct_split_collection_budget,4500,1125.0,4500.0,20,0.0016454534524876156,0.025791126354602935,0.029080845563219302,0.034906707393360936,not_applicable
2,haar,IZ,1,direct_targeted_pauli,90,90.0,360.0,20,-0.01319899099195683,0.07014775972715362,0.08464908579471757,0.14999654547037783,not_applicable
2,haar,IZ,1,direct_targeted_pauli,180,180.0,720.0,20,0.014023231230265405,0.07432260845929503,0.08632601730102117,0.12231361265480505,not_applicable
2,haar,IZ,1,direct_targeted_pauli,450,450.0,1800.0,20,0.012801009008043176,0.03802446779583446,0.047469366012638604,0.07353365536941243,not_applicable
2,haar,IZ,1,direct_targeted_pauli,900,900.0,3600.0,20,0.0048010090080431765,0.01961792637621652,0.02569998057421539,0.040129072159818306,not_applicable
2,haar,IZ,1,direct_targeted_pauli,1800,1800.0,7200.0,20,0.0008565645635987315,0.015432291575717447,0.021463543606913268,0.033333439350113035,not_applicable
2,haar,IZ,1,direct_targeted_pauli,4500,4500.0,18000.0,20,-0.007154546547512383,0.014075788931106942,0.017152950079127524,0.025998796152099844,not_applicable
2,haar,IZ,1,linear_inversion,90,90.0,90.0,20,0.05680100900804321,0.24488443929534348,0.2896858121459119,0.4548640154276308,0.0
2,haar,IZ,1,linear_inversion,180,180.0,180.0,20,-0.06819899099195681,0.15578884967126688,0.1873903833305068,0.29276243398620627,0.0
2,haar,IZ,1,linear_inversion,450,450.0,450.0,20,-0.007198990991956808,0.0942103846149505,0.12596033208232105,0.20917311317115955,0.0
2,haar,IZ,1,linear_inversion,900,900.0,900.0,20,0.04880100900804319,0.08390190484376561,0.09956618819393545,0.16157532694182025,0.0
2,haar,IZ,1,linear_inversion,1800,1800.0,1800.0,20,0.01880100900804319,0.05292770609716252,0.06553697849914646,0.0964891714901211,0.0
2,haar,IZ,1,linear_inversion,4500,4500.0,4500.0,20,-0.004598990991956836,0.030792318830336368,0.036739275548505215,0.058647455583818654,0.0
2,haar,IZ,1,neural_network,90,90.0,90.0,20,-0.021973883330367226,0.1992891983629524,0.24984653574805638,0.3197238737584553,1.0
2,haar,IZ,1,neural_network,180,180.0,180.0,20,-0.09713053822666641,0.16868112474320043,0.21294398467359837,0.3002334266948766,1.0
2,haar,IZ,1,neural_network,450,450.0,450.0,20,-0.04109516788165285,0.19295870563965944,0.22921948635647027,0.3641354842763746,1.0
2,haar,IZ,1,neural_network,900,900.0,900.0,20,-0.0562377516596642,0.1643440358166916,0.20145698995153052,0.35939962070484593,1.0
2,haar,IZ,1,neural_network,1800,1800.0,1800.0,20,-0.046172328378746276,0.14271265306237724,0.1878413494275441,0.21524609976726616,1.0
2,haar,IZ,1,neural_network,4500,4500.0,4500.0,20,-0.05732707862144515,0.16423257512620576,0.2098162049627904,0.2404017518892457,1.0
2,haar,IZ,1,rank_one_mle,90,90.0,90.0,20,0.04141873670512612,0.09063276814110205,0.11520197140709863,0.17266443602614773,1.0
2,haar,IZ,1,rank_one_mle,180,180.0,180.0,20,0.002251389670046653,0.07537737868926371,0.09328987000267647,0.14426294807330417,1.0
2,haar,IZ,1,rank_one_mle,450,450.0,450.0,20,0.003662904447363216,0.042327248953396054,0.05214007755152802,0.07840290169919671,1.0
2,haar,IZ,1,rank_one_mle,900,900.0,900.0,20,0.0139469623698889,0.03864092051125224,0.04700889798001895,0.07471246578461883,1.0
2,haar,IZ,1,rank_one_mle,1800,1800.0,1800.0,20,0.006331443533005562,0.018823684371622365,0.022350945712339275,0.03594705858244795,1.0
2,haar,IZ,1,rank_one_mle,4500,4500.0,4500.0,20,0.0004145010894311317,0.015707898493394414,0.018489702466303104,0.03045742260124021,1.0
2,haar,XX,2,classical_shadow,90,90.0,90.0,20,0.0033866691129170803,0.1674194021379493,0.22079102924168142,0.34875145446122174,not_applicable
2,haar,XX,2,classical_shadow,180,180.0,180.0,20,0.013386669112917082,0.18956735815559841,0.22180842851056984,0.32121775145229137,not_applicable
2,haar,XX,2,classical_shadow,450,450.0,450.0,20,0.060386669112917055,0.11699683872094606,0.1522053782684079,0.2651049340025489,not_applicable
2,haar,XX,2,classical_shadow,900,900.0,900.0,20,0.0013866691129170768,0.08062258814893279,0.09041980008933942,0.14840030137786292,not_applicable
2,haar,XX,2,classical_shadow,1800,1800.0,1800.0,20,0.006636669112917088,0.045126669752702644,0.05854541773889934,0.09364566823064582,not_applicable
2,haar,XX,2,classical_shadow,4500,4500.0,4500.0,20,0.011786669112917075,0.03429361409916983,0.045800875582480874,0.05540046174193463,not_applicable
2,haar,XX,2,direct_split_collection_budget,90,22.0,88.0,20,0.05611394184018981,0.14551992566230307,0.19658875424251449,0.3390804913820735,not_applicable
2,haar,XX,2,direct_split_collection_budget,180,45.0,180.0,20,-0.011057775331527377,0.09281751148823478,0.12053671844664947,0.17647823239965163,not_applicable
2,haar,XX,2,direct_split_collection_budget,450,112.0,448.0,20,-0.005899045172797206,0.059381006985100834,0.07460424035386534,0.11741890567129828,not_applicable
2,haar,XX,2,direct_split_collection_budget,900,225.0,900.0,20,0.020497780224028185,0.04180218133917244,0.05413204320854401,0.09391757368053982,not_applicable
2,haar,XX,2,direct_split_collection_budget,1800,450.0,1800.0,20,-0.00927999755374959,0.03048003847851481,0.03628987452153153,0.05398665965468678,not_applicable
2,haar,XX,2,direct_split_collection_budget,4500,1125.0,4500.0,20,0.009386669112917087,0.02315068918152819,0.029880523824524163,0.04747627300757972,not_applicable
2,haar,XX,2,direct_targeted_pauli,90,90.0,360.0,20,0.01672000244625041,0.06809034522996306,0.09776663234072155,0.21509535203811228,not_applicable
2,haar,XX,2,direct_targeted_pauli,180,180.0,720.0,20,0.00449778022402818,0.04969168443492235,0.05976774054878036,0.08723363656851295,not_applicable
2,haar,XX,2,direct_targeted_pauli,450,450.0,1800.0,20,-0.0035022197759718133,0.02545980604915548,0.0318198129152591,0.048052572708037096,not_applicable
2,haar,XX,2,direct_targeted_pauli,900,900.0,3600.0,20,0.011608891335139294,0.029894495282568396,0.03669902072346638,0.053456236695452915,not_applicable
2,haar,XX,2,direct_targeted_pauli,1800,1800.0,7200.0,20,0.003886669112917074,0.01602051490013371,0.021430906863636197,0.035349156025959366,not_applicable
2,haar,XX,2,direct_targeted_pauli,4500,4500.0,18000.0,20,0.00018666911291707837,0.009099702344688286,0.012540576547501603,0.018171589663392818,not_applicable
2,haar,XX,2,linear_inversion,90,90.0,90.0,20,-0.0666133308870829,0.2121595590448891,0.25977176739274593,0.3968093905816919,0.0
2,haar,XX,2,linear_inversion,180,180.0,180.0,20,0.06338666911291709,0.16077874858566057,0.19234472943683084,0.3284213122988949,0.0
2,haar,XX,2,linear_inversion,450,450.0,450.0,20,0.04938666911291707,0.08152735816037844,0.09850174939439893,0.14314996442962113,0.0
2,haar,XX,2,linear_inversion,900,900.0,900.0,20,-0.019613330887082905,0.07240300551892584,0.08916733093997971,0.13789764134772428,0.0
2,haar,XX,2,linear_inversion,1800,1800.0,1800.0,20,0.008886669112917073,0.044419741797032244,0.05419633237341462,0.08948969206955976,0.0
2,haar,XX,2,linear_inversion,4500,4500.0,4500.0,20,0.019386669112917095,0.027678494394317583,0.04111523286421097,0.05680124224174908,0.0
2,haar,XX,2,neural_network,90,90.0,90.0,20,0.037041727215652215,0.23692667182147922,0.2872004221181723,0.4868522919364969,1.0
2,haar,XX,2,neural_network,180,180.0,180.0,20,0.04941331162419997,0.2105769657341933,0.2651015308455041,0.491001408905919,1.0
2,haar,XX,2,neural_network,450,450.0,450.0,20,0.03806919447342798,0.14063228035891207,0.16477906426773725,0.2730828389823786,1.0
2,haar,XX,2,neural_network,900,900.0,900.0,20,0.03528615032668865,0.11996336124373963,0.1427176949467319,0.1991381695404952,1.0
2,haar,XX,2,neural_network,1800,1800.0,1800.0,20,0.03481690492416852,0.08849115726142487,0.10901241884507425,0.1523191866027921,1.0
2,haar,XX,2,neural_network,4500,4500.0,4500.0,20,0.04623740196892019,0.11403871848082821,0.13460902195201113,0.19285407770571594,1.0
2,haar,XX,2,rank_one_mle,90,90.0,90.0,20,-0.00030905433449648635,0.10240552908839681,0.13087308477555876,0.21853060093345356,1.0
2,haar,XX,2,rank_one_mle,180,180.0,180.0,20,0.028889138366541146,0.0814384289777815,0.10414907647800238,0.16124799319307084,1.0
2,haar,XX,2,rank_one_mle,450,450.0,450.0,20,0.0032281869795701434,0.04054795041415256,0.05422717990362588,0.09292283391957216,1.0
2,haar,XX,2,rank_one_mle,900,900.0,900.0,20,-0.0057653685612919945,0.039717170945676956,0.04682331150923104,0.07022328435259954,1.0
2,haar,XX,2,rank_one_mle,1800,1800.0,1800.0,20,-0.0014171391538723697,0.021845507144117062,0.032050168527734645,0.057109150967741544,1.0
2,haar,XX,2,rank_one_mle,4500,4500.0,4500.0,20,0.0002438111960322821,0.013755424508366379,0.01783466946411399,0.03212998556952127,1.0
2,haar,ZI,1,classical_shadow,90,90.0,90.0,20,0.12642431314434657,0.141684251778952,0.1761656708121554,0.2696237982846028,not_applicable
2,haar,ZI,1,classical_shadow,180,180.0,180.0,20,0.0030909798110132294,0.08259612804507718,0.0986072739437173,0.14784711823345117,not_applicable
2,haar,ZI,1,classical_shadow,450,450.0,450.0,20,0.011090979811013242,0.06828745052593692,0.08755351899781715,0.13466910907434299,not_applicable
2,haar,ZI,1,classical_shadow,900,900.0,900.0,20,-0.010242353522320094,0.04502285352052913,0.05819661651539435,0.09821234163567806,not_applicable
2,haar,ZI,1,classical_shadow,1800,1800.0,1800.0,20,0.007424313144346573,0.03710909408903838,0.0442201446394485,0.07055802778111088,not_applicable
2,haar,ZI,1,classical_shadow,4500,4500.0,4500.0,20,0.004324313144346578,0.016597659781452823,0.0207698290576779,0.031687952305741424,not_applicable
2,haar,ZI,1,direct_split_collection_budget,90,22.0,88.0,20,0.03278794950798293,0.1481987629512002,0.19423046032980054,0.3521636422978567,not_applicable
2,haar,ZI,1,direct_split_collection_budget,180,45.0,180.0,20,-0.004686797966764541,0.08299745583933249,0.1008331451693378,0.1410939497102139,not_applicable
2,haar,ZI,1,direct_split_collection_budget,450,112.0,448.0,20,0.013388598858632288,0.0653358198042883,0.08511986098976664,0.1667069574017597,not_applicable
2,haar,ZI,1,direct_split_collection_budget,900,225.0,900.0,20,-0.016242353522320094,0.04859145559057173,0.05829458686994987,0.08001064673434573,not_applicable
2,haar,ZI,1,direct_split_collection_budget,1800,450.0,1800.0,20,0.00642431314434657,0.03723985324607674,0.04514426324698328,0.07561712955923658,not_applicable
2,haar,ZI,1,direct_split_collection_budget,4500,1125.0,4500.0,20,-0.0012201313000978723,0.0222914023056412,0.02813924380705531,0.043783967863833664,not_applicable
2,haar,ZI,1,direct_targeted_pauli,90,90.0,360.0,20,-0.02135346463343122,0.10527297527185045,0.12449487191885668,0.19482271636529042,not_applicable
2,haar,ZI,1,direct_targeted_pauli,180,180.0,720.0,20,0.003090979811013239,0.05377247012183425,0.0655235912883407,0.10448818699540804,not_applicable
2,haar,ZI,1,direct_targeted_pauli,450,450.0,1800.0,20,0.004646535366568787,0.02899761128103202,0.03507510621129822,0.05493742662042496,not_applicable
2,haar,ZI,1,direct_targeted_pauli,900,900.0,3600.0,20,0.008646535366568796,0.03068830401720895,0.037001135987788904,0.06712237260030994,not_applicable
2,haar,ZI,1,direct_targeted_pauli,1800,1800.0,7200.0,20,-0.004520131300097872,0.014680895105254593,0.01980727104823403,0.03042609397567579,not_applicable
2,haar,ZI,1,direct_targeted_pauli,4500,4500.0,18000.0,20,-0.0012423535223200955,0.0099608433694857,0.013050948735454693,0.02444335564393263,not_applicable
2,haar,ZI,1,linear_inversion,90,90.0,90.0,20,0.03642431314434652,0.23859739407596345,0.2735287527408891,0.441580735050723,0.0
2,haar,ZI,1,linear_inversion,180,180.0,180.0,20,0.03142431314434659,0.22048364604545273,0.27656224932039297,0.4258733721958406,0.0
2,haar,ZI,1,linear_inversion,450,450.0,450.0,20,-0.011575686855653428,0.10523568255918436,0.13056550607045422,0.21144504892124336,0.0
2,haar,ZI,1,linear_inversion,900,900.0,900.0,20,-0.008575686855653426,0.09598770020977579,0.11251925064386362,0.16441881120855933,0.0
2,haar,ZI,1,linear_inversion,1800,1800.0,1800.0,20,0.019924313144346582,0.06457123490314012,0.08488540511453778,0.13501676197940496,0.0
2,haar,ZI,1,linear_inversion,4500,4500.0,4500.0,20,-0.008575686855653441,0.025560388535655305,0.0346743475404916,0.05768963444453685,0.0
2,haar,ZI,1,neural_network,90,90.0,90.0,20,0.0034110592508712345,0.21914499096390996,0.29437214258304917,0.4648515314089332,1.0
2,haar,ZI,1,neural_network,180,180.0,180.0,20,-0.05540934859886711,0.2128378153078613,0.25924061299877577,0.39193438670719005,1.0
2,haar,ZI,1,neural_network,450,450.0,450.0,20,-0.05720915720878951,0.14102949354065997,0.18149090509579738,0.32076805709293593,1.0
2,haar,ZI,1,neural_network,900,900.0,900.0,20,-0.031711686225988724,0.17966792081313745,0.23119513843650766,0.3633142019746391,1.0
2,haar,ZI,1,neural_network,1800,1800.0,1800.0,20,-0.028458933128222962,0.129040199242137,0.1703964715161013,0.26293999836692894,1.0
2,haar,ZI,1,neural_network,4500,4500.0,4500.0,20,-0.040708737309880075,0.14541753294997634,0.19357642069369282,0.3072862649194456,1.0
2,haar,ZI,1,rank_one_mle,90,90.0,90.0,20,0.045449472578834194,0.11180978501302226,0.14307596630647096,0.26016236860815667,1.0
2,haar,ZI,1,rank_one_mle,180,180.0,180.0,20,-0.00885511522195411,0.08396486369724847,0.10255165724105188,0.15040883517589812,1.0
2,haar,ZI,1,rank_one_mle,450,450.0,450.0,20,0.0009306464304240064,0.0455610345304755,0.05480136029698571,0.08522107785927067,1.0
2,haar,ZI,1,rank_one_mle,900,900.0,900.0,20,0.0057356554983481745,0.04230294194323371,0.052373514059253674,0.07694384490610359,1.0
2,haar,ZI,1,rank_one_mle,1800,1800.0,1800.0,20,0.005598693178155209,0.019844632099842212,0.023745354778451848,0.03639725203704146,1.0
2,haar,ZI,1,rank_one_mle,4500,4500.0,4500.0,20,0.0011560161375035766,0.017634336043435058,0.022039273669427307,0.03540517349809321,1.0
2,haar,ZZ,2,classical_shadow,90,90.0,90.0,20,-0.056965506539652766,0.23361005904572568,0.2837819251391769,0.4603851691134946,not_applicable
2,haar,ZZ,2,classical_shadow,180,180.0,180.0,20,-0.0594655065396528,0.17421356491211365,0.24469747181680984,0.45280259340443507,not_applicable
2,haar,ZZ,2,classical_shadow,450,450.0,450.0,20,-0.003965506539652777,0.0794713745824796,0.09874477334114255,0.160261307090095,not_applicable
2,haar,ZZ,2,classical_shadow,900,900.0,900.0,20,0.029534493460347217,0.07354692707092231,0.09461539834155834,0.14863899759197327,not_applicable
2,haar,ZZ,2,classical_shadow,1800,1800.0,1800.0,20,0.004534493460347222,0.05459899858869284,0.06455653407801547,0.10456456187220638,not_applicable
2,haar,ZZ,2,classical_shadow,4500,4500.0,4500.0,20,0.0004344934603472253,0.026639097826287463,0.03427303995694706,0.058137151352818134,not_applicable
2,haar,ZZ,2,direct_split_collection_budget,90,22.0,88.0,20,-0.029238233812380044,0.12466255924400585,0.1533844758263805,0.22502475231374122,not_applicable
2,haar,ZZ,2,direct_split_collection_budget,180,45.0,180.0,20,0.018034493460347224,0.07933907001230439,0.09605489048337301,0.16713445077979752,not_applicable
2,haar,ZZ,2,direct_split_collection_budget,450,112.0,448.0,20,-0.025179792253938498,0.06908047312542032,0.08981612636179596,0.14467236631637756,not_applicable
2,haar,ZZ,2,direct_split_collection_budget,900,225.0,900.0,20,-0.015298839872986105,0.05660061505351773,0.07254292180767437,0.12858302908671534,not_applicable
2,haar,ZZ,2,direct_split_collection_budget,1800,450.0,1800.0,20,0.016034493460347226,0.04232191668791001,0.0501123160138796,0.08097718447561623,not_applicable
2,haar,ZZ,2,direct_split_collection_budget,4500,1125.0,4500.0,20,0.0059456045714583305,0.020044086868304323,0.02512371376476958,0.0428499562591443,not_applicable
2,haar,ZZ,2,direct_targeted_pauli,90,90.0,360.0,20,-0.013076617650763886,0.06079119429791461,0.077538528914052,0.12725886438721984,not_applicable
2,haar,ZZ,2,direct_targeted_pauli,180,180.0,720.0,20,0.002478937904791667,0.06171817519379079,0.07331215776829393,0.12459561856066509,not_applicable
2,haar,ZZ,2,direct_targeted_pauli,450,450.0,1800.0,20,-0.005076617650763884,0.02185981945680754,0.027234161609683272,0.04370166828792622,not_applicable
2,haar,ZZ,2,direct_targeted_pauli,900,900.0,3600.0,20,-0.005743284317430544,0.022253100974079128,0.02760344903563347,0.042423033690530965,not_applicable
2,haar,ZZ,2,direct_targeted_pauli,1800,1800.0,7200.0,20,0.0009789379047916592,0.015024547894101136,0.01933331764250334,0.03129564285596737,not_applicable
2,haar,ZZ,2,direct_targeted_pauli,4500,4500.0,18000.0,20,0.0013456045714583336,0.007597511621035438,0.008603451056639184,0.011969367767677475,not_applicable
2,haar,ZZ,2,linear_inversion,90,90.0,90.0,20,-0.021965506539652773,0.22279841580903686,0.2732423109741453,0.4793720850000476,0.0
2,haar,ZZ,2,linear_inversion,180,180.0,180.0,20,-0.04196550653965277,0.17640421530818448,0.2132409855977494,0.3428085533889842,0.0
2,haar,ZZ,2,linear_inversion,450,450.0,450.0,20,-0.0019655065396528004,0.08080087295498146,0.10267504237387332,0.14941463773088487,0.0
2,haar,ZZ,2,linear_inversion,900,900.0,900.0,20,-0.0009655065396527704,0.05581802743948211,0.06671159137384859,0.095624102377083,0.0
2,haar,ZZ,2,linear_inversion,1800,1800.0,1800.0,20,-0.0014655065396527583,0.05946620107279964,0.06806411267967784,0.10310294338888457,0.0
2,haar,ZZ,2,linear_inversion,4500,4500.0,4500.0,20,0.001634493460347225,0.046827322543235864,0.0528361662887717,0.07529165815383783,0.0
2,haar,ZZ,2,neural_network,90,90.0,90.0,20,-0.0639647041735346,0.25699548585784465,0.30954548464019904,0.5519033569915279,1.0
2,haar,ZZ,2,neural_network,180,180.0,180.0,20,-0.10274037497093638,0.1637466819649322,0.20074714889558357,0.3385105776063274,1.0
2,haar,ZZ,2,neural_network,450,450.0,450.0,20,-0.1448267665619562,0.1702877045534595,0.2037007541826684,0.3069711682963722,1.0
2,haar,ZZ,2,neural_network,900,900.0,900.0,20,-0.0622857307734471,0.11963745260764007,0.14711723538572966,0.22978306835149562,1.0
2,haar,ZZ,2,neural_network,1800,1800.0,1800.0,20,-0.06393080398663215,0.11876762444909958,0.1412378799783263,0.2170061152897298,1.0
2,haar,ZZ,2,neural_network,4500,4500.0,4500.0,20,-0.08481138717702714,0.11211240234509254,0.13191309128886336,0.18262991390834216,1.0
2,haar,ZZ,2,rank_one_mle,90,90.0,90.0,20,-0.009148869954293837,0.10393705865471174,0.13046347813709566,0.22902747680972735,1.0
2,haar,ZZ,2,rank_one_mle,180,180.0,180.0,20,-0.05979023993151067,0.08294240884225604,0.10784458605865328,0.2051857198985209,1.0
2,haar,ZZ,2,rank_one_mle,450,450.0,450.0,20,-0.00022805696853586132,0.045337971033403576,0.05635526648843863,0.09092599987890336,1.0
2,haar,ZZ,2,rank_one_mle,900,900.0,900.0,20,0.007075020276181997,0.044988646923762164,0.055635978605685324,0.09571570927331093,1.0
2,haar,ZZ,2,rank_one_mle,1800,1800.0,1800.0,20,0.0012475787573764225,0.018438610918686888,0.023780632745014532,0.038760100853131835,1.0
2,haar,ZZ,2,rank_one_mle,4500,4500.0,4500.0,20,-0.0019503433219121749,0.015476060664086702,0.019857090753942378,0.031974744697095006,1.0
2,product,IZ,1,classical_shadow,90,90.0,90.0,20,-0.02067095318080381,0.13995099056518767,0.17211535029877909,0.27007783795051793,not_applicable
2,product,IZ,1,classical_shadow,180,180.0,180.0,20,-0.025670953180803806,0.10900685675722803,0.1274174367992064,0.21270917148507165,not_applicable
2,product,IZ,1,classical_shadow,450,450.0,450.0,20,-0.003670953180803799,0.07408695163631185,0.08769859257853811,0.1601189331248633,not_applicable
2,product,IZ,1,classical_shadow,900,900.0,900.0,20,-0.0013376198474704683,0.040609024747623346,0.04815280926159143,0.0739736988665684,not_applicable
2,product,IZ,1,classical_shadow,1800,1800.0,1800.0,20,-0.0037542865141371286,0.03433114697959563,0.038718424434077935,0.06004328899568852,not_applicable
2,product,IZ,1,classical_shadow,4500,4500.0,4500.0,20,-0.0015709531808038024,0.020516654090306046,0.02338467403014739,0.03299737299184102,not_applicable
2,product,IZ,1,direct_split_collection_budget,90,22.0,88.0,20,-0.0015800440898947332,0.14780431680567638,0.1759513016955063,0.22944361630937227,not_applicable
2,product,IZ,1,direct_split_collection_budget,180,45.0,180.0,20,-0.0017820642919149116,0.056202959955701584,0.07102474215494367,0.11944389206223512,not_applicable
2,product,IZ,1,direct_split_collection_budget,450,112.0,448.0,20,-0.013349524609375241,0.06075271805959914,0.07905471935003429,0.11320761618557106,not_applicable
2,product,IZ,1,direct_split_collection_budget,900,225.0,900.0,20,0.005329046819196189,0.04113466634862409,0.06635901704771642,0.09604429641261221,not_applicable
2,product,IZ,1,direct_split_collection_budget,1800,450.0,1800.0,20,-0.0042265087363593645,0.024590635854590887,0.033428459125514155,0.05446893422703121,not_applicable
2,product,IZ,1,direct_split_collection_budget,4500,1125.0,4500.0,20,0.0019512690414184158,0.020195018419352815,0.025069761474340133,0.03936945326562897,not_applicable
2,product,IZ,1,direct_targeted_pauli,90,90.0,360.0,20,-0.006226508736359354,0.06309447256588246,0.08280490708916513,0.15992147624174538,not_applicable
2,product,IZ,1,direct_targeted_pauli,180,180.0,720.0,20,0.00932904681919619,0.040595027754338694,0.05387475558419499,0.08657667556062086,not_applicable
2,product,IZ,1,direct_targeted_pauli,450,450.0,1800.0,20,-0.0022265087363593575,0.0262556615890689,0.03051011032013567,0.048871618301995684,not_applicable
2,product,IZ,1,direct_targeted_pauli,900,900.0,3600.0,20,0.0008846023747517417,0.021938275473431225,0.03326963847294681,0.054636474693967756,not_applicable
2,product,IZ,1,direct_targeted_pauli,1800,1800.0,7200.0,20,-0.0032820642919149114,0.016598084265940317,0.02007989697426702,0.031356764838483785,not_applicable
2,product,IZ,1,direct_targeted_pauli,4500,4500.0,18000.0,20,0.003106824596973974,0.010493186878798386,0.013228583228903672,0.02266776888382367,not_applicable
2,product,IZ,1,linear_inversion,90,90.0,90.0,20,0.04932904681919619,0.1400766741279472,0.19728068958254052,0.2652606483356246,0.0
2,product,IZ,1,linear_inversion,180,180.0,180.0,20,0.02932904681919617,0.08208117750944596,0.11800488345318418,0.1907926091818238,0.0
2,product,IZ,1,linear_inversion,450,450.0,450.0,20,-0.046670953180803804,0.08282050535282895,0.11235992635933721,0.18386198668740664,0.0
2,product,IZ,1,linear_inversion,900,900.0,900.0,20,0.007329046819196154,0.07142702508851458,0.0917072070490388,0.17659248859289076,0.0
2,product,IZ,1,linear_inversion,1800,1800.0,1800.0,20,-0.0021709531808038335,0.049712357121983936,0.06103453768877271,0.10086225190843906,0.0
2,product,IZ,1,linear_inversion,4500,4500.0,4500.0,20,0.008729046819196153,0.03689747124116012,0.046059863686763965,0.06832366760633947,0.0
2,product,IZ,1,neural_network,90,90.0,90.0,20,-0.1773561868836989,0.27692495920354776,0.35794081198372396,0.5965491942918706,1.0
2,product,IZ,1,neural_network,180,180.0,180.0,20,-0.08097180500967896,0.25541817603897676,0.36460002790491947,0.3989566164768463,1.0
2,product,IZ,1,neural_network,450,450.0,450.0,20,-0.09080573583855085,0.12065814100751845,0.14042308437875803,0.19110919046291938,1.0
2,product,IZ,1,neural_network,900,900.0,900.0,20,-0.0435337731217409,0.12704498183784457,0.15811798285619125,0.19757055865790932,1.0
2,product,IZ,1,neural_network,1800,1800.0,1800.0,20,-0.05111198291548796,0.09244893225067785,0.11109787502787734,0.18738068846793016,1.0
2,product,IZ,1,neural_network,4500,4500.0,4500.0,20,-0.06380760082735777,0.09071224244273583,0.11131498962578526,0.1746405490510658,1.0
2,product,IZ,1,rank_one_mle,90,90.0,90.0,20,-0.003746068530887138,0.09331229153257996,0.10818292994609516,0.14926961594323962,1.0
2,product,IZ,1,rank_one_mle,180,180.0,180.0,20,-0.019465060528979495,0.05935609439691073,0.07605900161594056,0.13060688358164946,1.0
2,product,IZ,1,rank_one_mle,450,450.0,450.0,20,0.005320708209235389,0.029465375193068362,0.033468547854730905,0.052201140020635375,1.0
2,product,IZ,1,rank_one_mle,900,900.0,900.0,20,0.0034037558354605563,0.02553517949403284,0.03294052644816501,0.06362701584180674,1.0
2,product,IZ,1,rank_one_mle,1800,1800.0,1800.0,20,0.003611629571698388,0.01768056887714157,0.023767513715742324,0.038008406846567484,1.0
2,product,IZ,1,rank_one_mle,4500,4500.0,4500.0,20,-0.005228997446319,0.014510859124835362,0.01701037957615665,0.02570017678937254,1.0
2,product,XX,2,classical_shadow,90,90.0,90.0,20,0.060083412744501595,0.22065018131401798,0.28210377567058953,0.42610522600440703,not_applicable
2,product,XX,2,classical_shadow,180,180.0,180.0,20,0.007583412744501608,0.18919695985555413,0.2586335712129815,0.31403270691043117,not_applicable
2,product,XX,2,classical_shadow,450,450.0,450.0,20,0.033083412744501606,0.09667325007136468,0.11752311549643372,0.17962241768153092,not_applicable
2,product,XX,2,classical_shadow,900,900.0,900.0,20,-0.013916587255498398,0.06867861574869821,0.10680570932849986,0.15751238561024827,not_applicable
2,product,XX,2,classical_shadow,1800,1800.0,1800.0,20,-0.0044165872554983885,0.06607775128932099,0.07424910206023563,0.10637204609895469,not_applicable
2,product,XX,2,classical_shadow,4500,4500.0,4500.0,20,0.015883412744501613,0.03557612906621373,0.041710989447560645,0.0720140135852091,not_applicable
2,product,XX,2,direct_split_collection_budget,90,22.0,88.0,20,0.017356140017228877,0.15564300043065382,0.18596640689326674,0.2851525542670519,not_applicable
2,product,XX,2,direct_split_collection_budget,180,45.0,180.0,20,8.341274450160696e-05,0.09141978053858085,0.11123411841839707,0.18324054897932066,not_applicable
2,product,XX,2,direct_split_collection_budget,450,112.0,448.0,20,0.034726269887358746,0.07881792593870118,0.09381694866680552,0.15755302805315718,not_applicable
2,product,XX,2,direct_split_collection_budget,900,225.0,900.0,20,-0.00036103169994283963,0.046396961770493045,0.05517553723409346,0.08917055625699563,not_applicable
2,product,XX,2,direct_split_collection_budget,1800,450.0,1800.0,20,-0.004583253922165053,0.027410207992172565,0.03498717322419976,0.04179901891351658,not_applicable
2,product,XX,2,direct_split_collection_budget,4500,1125.0,4500.0,20,0.0031056349667238337,0.018618012044407457,0.023987309748887,0.04201682572972041,not_applicable
2,product,XX,2,direct_targeted_pauli,90,90.0,360.0,20,-0.02769436503327617,0.07147106841984514,0.09168306801491939,0.11879610453487623,not_applicable
2,product,XX,2,direct_targeted_pauli,180,180.0,720.0,20,-0.019916587255498393,0.06397320612339194,0.07919492318364256,0.11882916939840206,not_applicable
2,product,XX,2,direct_targeted_pauli,450,450.0,1800.0,20,0.01763896830005716,0.03728377106970315,0.04430446796779354,0.06552089204681638,not_applicable
2,product,XX,2,direct_targeted_pauli,900,900.0,3600.0,20,-0.0034721428110539507,0.01935530136401338,0.027374406024358183,0.0548294437430044,not_applicable
2,product,XX,2,direct_targeted_pauli,1800,1800.0,7200.0,20,0.002861190522279392,0.019026207116971776,0.024551658174744435,0.036299349225664246,not_applicable
2,product,XX,2,direct_targeted_pauli,4500,4500.0,18000.0,20,-0.004405476144387277,0.015149130602819472,0.017591124196416934,0.027119394719039788,not_applicable
2,product,XX,2,linear_inversion,90,90.0,90.0,20,-0.03991658725549842,0.1686054879763484,0.21626685698738735,0.352838419566915,0.0
2,product,XX,2,linear_inversion,180,180.0,180.0,20,0.0750834127445016,0.15864689321059008,0.19655479476394674,0.30927026162324034,0.0
2,product,XX,2,linear_inversion,450,450.0,450.0,20,0.014083412744501613,0.09685607984636062,0.12106340822444304,0.2197746372616595,0.0
2,product,XX,2,linear_inversion,900,900.0,900.0,20,0.015083412744501612,0.07540640956366775,0.09153271862572426,0.13327540207420477,0.0
2,product,XX,2,linear_inversion,1800,1800.0,1800.0,20,0.005583412744501609,0.06173804313374789,0.06923772847367803,0.10568626347683412,0.0
2,product,XX,2,linear_inversion,4500,4500.0,4500.0,20,-0.002916587255498395,0.03580058321617738,0.04431649572605127,0.07185117831560815,0.0
2,product,XX,2,neural_network,90,90.0,90.0,20,-0.08188640720819104,0.1979179972211425,0.2578744742951071,0.40894981345298037,1.0
2,product,XX,2,neural_network,180,180.0,180.0,20,-0.026686311751093657,0.19372588753161757,0.23959405675684212,0.34988757211614757,1.0
2,product,XX,2,neural_network,450,450.0,450.0,20,-0.04595451152511216,0.17635343553886823,0.23390863352840655,0.31757073032501,1.0
2,product,XX,2,neural_network,900,900.0,900.0,20,-0.01577002359813571,0.13614629493495045,0.1580241452132157,0.2579638944714218,1.0
2,product,XX,2,neural_network,1800,1800.0,1800.0,20,-0.0267535155780736,0.10123154036365933,0.13226911782641088,0.2069356781501439,1.0
2,product,XX,2,neural_network,4500,4500.0,4500.0,20,-0.04780040723484317,0.1032971054040979,0.13131982240661844,0.22792176713745038,1.0
2,product,XX,2,rank_one_mle,90,90.0,90.0,20,0.009972714132117474,0.07838726755733152,0.10273122952089864,0.17241337061553763,1.0
2,product,XX,2,rank_one_mle,180,180.0,180.0,20,-0.000855632483579203,0.06977772744654412,0.0864038264038824,0.12616921924217778,1.0
2,product,XX,2,rank_one_mle,450,450.0,450.0,20,-0.005563044059107199,0.0626132772545744,0.08260221810742975,0.137920269985673,1.0
2,product,XX,2,rank_one_mle,900,900.0,900.0,20,0.010248672088288665,0.04579015340305623,0.05811590760950161,0.08489913636457364,1.0
2,product,XX,2,rank_one_mle,1800,1800.0,1800.0,20,0.0005606559187656658,0.01819866335585732,0.023901283487673935,0.03994793810170676,1.0
2,product,XX,2,rank_one_mle,4500,4500.0,4500.0,20,-0.004786054674673327,0.01750490319625599,0.022419276972808704,0.0361710380005293,1.0
2,product,ZI,1,classical_shadow,90,90.0,90.0,20,-0.06856169662114993,0.14996596581408256,0.1796876715978856,0.30494561792415215,not_applicable
2,product,ZI,1,classical_shadow,180,180.0,180.0,20,0.032271636712183374,0.11368977765360624,0.1368666446673421,0.20510406498214065,not_applicable
2,product,ZI,1,classical_shadow,450,450.0,450.0,20,-0.0062283632878166115,0.06538378093654673,0.08598383802140185,0.13668904682729308,not_applicable
2,product,ZI,1,classical_shadow,900,900.0,900.0,20,-0.009061696621149947,0.04057253447108941,0.049448389914918046,0.07549753323716542,not_applicable
2,product,ZI,1,classical_shadow,1800,1800.0,1800.0,20,0.0013549700455167263,0.020441902633469324,0.027337500236590286,0.0459982574166392,not_applicable
2,product,ZI,1,classical_shadow,4500,4500.0,4500.0,20,0.004871636712183382,0.018992729714925594,0.023487137285888682,0.037647084196406604,not_applicable
2,product,ZI,1,direct_split_collection_budget,90,22.0,88.0,20,0.03507466701521368,0.09760601343830173,0.13306165246156024,0.22195371551057635,not_applicable
2,product,ZI,1,direct_split_collection_budget,180,45.0,180.0,20,0.006993858934405609,0.10657307597211918,0.13194362264607565,0.20411213434166195,not_applicable
2,product,ZI,1,direct_split_collection_budget,450,112.0,448.0,20,0.016081160521707206,0.06135550251930708,0.07597457774538703,0.1240606433161462,not_applicable
2,product,ZI,1,direct_split_collection_budget,900,225.0,900.0,20,0.01810497004551672,0.042346373548985274,0.057046495177649086,0.10172172182874523,not_applicable
2,product,ZI,1,direct_split_collection_budget,1800,450.0,1800.0,20,0.009438303378850054,0.026039758283787285,0.035537778441838634,0.0499806352089271,not_applicable
2,product,ZI,1,direct_split_collection_budget,4500,1125.0,4500.0,20,-0.0013616966211499402,0.016927100108736604,0.022132137364905633,0.032352330223066515,not_applicable
2,product,ZI,1,direct_targeted_pauli,90,90.0,360.0,20,-0.03856169662114994,0.06698163352178031,0.08329080616442391,0.11664123209742276,not_applicable
2,product,ZI,1,direct_targeted_pauli,180,180.0,720.0,20,-0.0024505855100388357,0.06100648069320915,0.07739755202429496,0.13018220803143962,not_applicable
2,product,ZI,1,direct_targeted_pauli,450,450.0,1800.0,20,-0.007672807732261063,0.0322385183194656,0.03977789712723549,0.06947344994555305,not_applicable
2,product,ZI,1,direct_targeted_pauli,900,900.0,3600.0,20,0.007549414489961166,0.02521842430335976,0.03249304527336555,0.0520414532485443,not_applicable
2,product,ZI,1,direct_targeted_pauli,1800,1800.0,7200.0,20,-0.004395029954483284,0.01366841271001853,0.017863175868365597,0.030249200634673575,not_applicable
2,product,ZI,1,direct_targeted_pauli,4500,4500.0,18000.0,20,-0.001872807732261061,0.0073347236196544445,0.010150237216994252,0.02002141395702178,not_applicable
2,product,ZI,1,linear_inversion,90,90.0,90.0,20,-0.06856169662114993,0.1900639598225453,0.2643029604663767,0.3783547611045439,0.0
2,product,ZI,1,linear_inversion,180,180.0,180.0,20,-0.11356169662114994,0.16251314566394978,0.21791879445030626,0.31951451784679114,0.0
2,product,ZI,1,linear_inversion,450,450.0,450.0,20,0.01543830337885006,0.09946718946846296,0.1270864678223588,0.20551625321856976,0.0
2,product,ZI,1,linear_inversion,900,900.0,900.0,20,0.010438303378850036,0.06576959883947328,0.0840178999908564,0.15332995661086654,0.0
2,product,ZI,1,linear_inversion,1800,1800.0,1800.0,20,-0.0010616966211499184,0.05277352596237418,0.06452766874252357,0.10907863274186969,0.0
2,product,ZI,1,linear_inversion,4500,4500.0,4500.0,20,-0.016561696621149955,0.02503034837245539,0.03601097885611478,0.052461390370159074,0.0
2,product,ZI,1,neural_network,90,90.0,90.0,20,-0.08717406271961155,0.29055535966095064,0.37057124555494997,0.5476281055803173,1.0
2,product,ZI,1,neural_network,180,180.0,180.0,20,-0.14371077169899585,0.1985917715892342,0.25787734454634315,0.5162213828138255,1.0
2,product,ZI,1,neural_network,450,450.0,450.0,20,0.02222856843405411,0.16856166654826682,0.22801944957748452,0.31873068886214123,1.0
2,product,ZI,1,neural_network,900,900.0,900.0,20,0.0014355447668688182,0.17887075588561602,0.2924815370725698,0.4863209983579203,1.0
2,product,ZI,1,neural_network,1800,1800.0,1800.0,20,0.005906187040846031,0.10763942975493337,0.1634252712433066,0.17157298461358672,1.0
2,product,ZI,1,neural_network,4500,4500.0,4500.0,20,-0.00968450542599474,0.12408738525092602,0.20547524553875146,0.2273311929772155,1.0
2,product,ZI,1,rank_one_mle,90,90.0,90.0,20,-0.011536771126439577,0.0877049353826003,0.1230698419209522,0.18593728106927296,1.0
2,product,ZI,1,rank_one_mle,180,180.0,180.0,20,-0.03738259864654084,0.07701168954202614,0.11126203315415063,0.12563509844440368,1.0
2,product,ZI,1,rank_one_mle,450,450.0,450.0,20,-0.002159161567085896,0.04653217823511331,0.05800976436078106,0.09049654225739424,1.0
2,product,ZI,1,rank_one_mle,900,900.0,900.0,20,-0.0028569343336961235,0.02701319998769049,0.03423850607470335,0.04956138064224615,1.0
2,product,ZI,1,rank_one_mle,1800,1800.0,1800.0,20,0.0018477332313631412,0.026146819600319775,0.03546986161869176,0.04977359790977058,1.0
2,product,ZI,1,rank_one_mle,4500,4500.0,4500.0,20,-0.0052877529949210385,0.01030217787045196,0.014247262338085471,0.018572712918574617,1.0
2,product,ZZ,2,classical_shadow,90,90.0,90.0,20,-0.060617881989076784,0.20304697536328614,0.269693660370959,0.39392287909548507,not_applicable
2,product,ZZ,2,classical_shadow,180,180.0,180.0,20,0.021882118010923223,0.18581866192432311,0.21986241952933153,0.322744255111396,not_applicable
2,product,ZZ,2,classical_shadow,450,450.0,450.0,20,-0.017617881989076774,0.11864833387953036,0.16710907571179734,0.31168419113779083,not_applicable
2,product,ZZ,2,classical_shadow,900,900.0,900.0,20,0.006882118010923216,0.08112985969123554,0.09962676854614803,0.16214925474133582,not_applicable
2,product,ZZ,2,classical_shadow,1800,1800.0,1800.0,20,0.006632118010923216,0.052451760504920064,0.06482381854042067,0.10640937597573898,not_applicable
2,product,ZZ,2,classical_shadow,4500,4500.0,4500.0,20,-0.011417881989076787,0.04142720483470708,0.047942245706864006,0.06780573250808075,not_applicable
2,product,ZZ,2,direct_split_collection_budget,90,22.0,88.0,20,-0.06561788198907678,0.1599375442673516,0.2007765673967995,0.31971330474751125,not_applicable
2,product,ZZ,2,direct_split_collection_budget,180,45.0,180.0,20,0.005493229122034322,0.10123532491379827,0.11828155198398642,0.1873330698857914,not_applicable
2,product,ZZ,2,direct_split_collection_budget,450,112.0,448.0,20,0.047774975153780375,0.08837622115597002,0.10850389625260053,0.1839222724423758,not_applicable
2,product,ZZ,2,direct_split_collection_budget,900,225.0,900.0,20,0.008159895788700995,0.052253519284264825,0.06435633230694651,0.1005177747823422,not_applicable
2,product,ZZ,2,direct_split_collection_budget,1800,450.0,1800.0,20,0.00015989578870099775,0.03967762926650645,0.050694458679118,0.08800677768110039,not_applicable
2,product,ZZ,2,direct_split_collection_budget,4500,1125.0,4500.0,20,0.0067376735664787775,0.02278829614885145,0.02712712885485885,0.038685963291318654,not_applicable
2,product,ZZ,2,direct_targeted_pauli,90,90.0,360.0,20,0.028826562455367667,0.05583037768272599,0.06942132438399885,0.10692490082514251,not_applicable
2,product,ZZ,2,direct_targeted_pauli,180,180.0,720.0,20,0.011604340233145433,0.07126692717407945,0.08735390724345896,0.12336230002009194,not_applicable
2,product,ZZ,2,direct_targeted_pauli,450,450.0,1800.0,20,-0.004728993100187895,0.028703212022298454,0.03836201467789575,0.06336522189520732,not_applicable
2,product,ZZ,2,direct_targeted_pauli,900,900.0,3600.0,20,0.007937673566478776,0.02984848824629972,0.03672548219105087,0.05648638334176753,not_applicable
2,product,ZZ,2,direct_targeted_pauli,1800,1800.0,7200.0,20,0.004715451344256552,0.013573691046577968,0.01716330170562848,0.031591567491809164,not_applicable
2,product,ZZ,2,direct_targeted_pauli,4500,4500.0,18000.0,20,0.0010710068998121068,0.009061239240068842,0.011699627507221916,0.01830109581211237,not_applicable
2,product,ZZ,2,linear_inversion,90,90.0,90.0,20,-0.005617881989076802,0.22414141591552542,0.2857560629711995,0.44056047169050233,0.0
2,product,ZZ,2,linear_inversion,180,180.0,180.0,20,-0.09061788198907676,0.1595776052915376,0.20906892031990187,0.35361367923014103,0.0
2,product,ZZ,2,linear_inversion,450,450.0,450.0,20,-0.009617881989076768,0.14681955226159024,0.18443857845139935,0.3021417047882075,0.0
2,product,ZZ,2,linear_inversion,900,900.0,900.0,20,-0.014617881989076783,0.04753874581733049,0.06235432139900676,0.10201351615940954,0.0
2,product,ZZ,2,linear_inversion,1800,1800.0,1800.0,20,0.015382118010923235,0.06445091297160935,0.07580522307511155,0.1124473570431665,0.0
2,product,ZZ,2,linear_inversion,4500,4500.0,4500.0,20,-0.02301788198907676,0.042421140000813956,0.054832295259368564,0.08922779234996801,0.0
2,product,ZZ,2,neural_network,90,90.0,90.0,20,-0.04839192035411826,0.24790476252566251,0.32470089975725414,0.5349959510272424,1.0
2,product,ZZ,2,neural_network,180,180.0,180.0,20,-0.10494419301727079,0.19970502991734024,0.3137446475635431,0.43694188244567655,1.0
2,product,ZZ,2,neural_network,450,450.0,450.0,20,-0.018814256099465097,0.19795863511862982,0.2409942508208694,0.36602223633227093,1.0
2,product,ZZ,2,neural_network,900,900.0,900.0,20,-0.04037530065063628,0.17456785149869006,0.253791966627533,0.41559521061513216,1.0
2,product,ZZ,2,neural_network,1800,1800.0,1800.0,20,-0.023410499582079972,0.12324993767200096,0.17363627334194212,0.2651956557109698,1.0
2,product,ZZ,2,neural_network,4500,4500.0,4500.0,20,-0.04345949679816427,0.1348130063773165,0.18577613277054555,0.21345972698816904,1.0
2,product,ZZ,2,rank_one_mle,90,90.0,90.0,20,-0.03255183329575393,0.11091865356668704,0.1415879928548311,0.17501400255723956,1.0
2,product,ZZ,2,rank_one_mle,180,180.0,180.0,20,-0.05879321000171265,0.08470440252398094,0.11750424495207672,0.17763402692388403,1.0
2,product,ZZ,2,rank_one_mle,450,450.0,450.0,20,0.0006250606079760592,0.05061198211272302,0.06255949068926096,0.09296719520470471,1.0
2,product,ZZ,2,rank_one_mle,900,900.0,900.0,20,0.01094626054827508,0.03651108433471501,0.04573141665315056,0.07513167595403183,1.0
2,product,ZZ,2,rank_one_mle,1800,1800.0,1800.0,20,0.008755140384015007,0.028342043402190452,0.03693285185511591,0.06472590224807982,1.0
2,product,ZZ,2,rank_one_mle,4500,4500.0,4500.0,20,-0.004881568908355926,0.01667718271779628,0.019932984855250524,0.02860251553163832,1.0
