n_qubits,state_type,replicate,shots_per_setting,settings,total_copies,method,mle_iterations_requested,mle_iterations_completed,fidelity,hit_99_percent,reconstruction_seconds
1,product,0,5,3,15,rank_one_mle,30,13,0.9853895401855807,False,0.006485042
1,product,0,10,3,30,rank_one_mle,30,9,0.9972282543192675,True,0.004890125
1,product,0,20,3,60,rank_one_mle,30,5,0.9976929928873823,True,0.003173708
1,product,0,50,3,150,rank_one_mle,30,9,0.9891644123812935,False,0.004645541
1,product,0,100,3,300,rank_one_mle,30,16,0.9967150114234359,True,0.007767917
1,product,0,300,3,900,rank_one_mle,30,4,0.9983038479997669,True,0.002785542
1,product,0,1000,3,3000,rank_one_mle,30,4,0.9999862796561544,True,0.002432542
1,product,1,5,3,15,rank_one_mle,30,13,0.9471999044378455,False,0.006400542
1,product,1,10,3,30,rank_one_mle,30,10,0.9846931615954021,False,0.005608125
1,product,1,20,3,60,rank_one_mle,30,5,0.9989939708469152,True,0.002911375
1,product,1,50,3,150,rank_one_mle,30,1,0.9944265681411979,True,0.001102666
1,product,1,100,3,300,rank_one_mle,30,11,0.9883096130011143,False,0.005456667
1,product,1,300,3,900,rank_one_mle,30,8,0.9976917051758202,True,0.004359417
1,product,1,1000,3,3000,rank_one_mle,30,3,0.9992701961811625,True,0.002497291
1,product,2,5,3,15,rank_one_mle,30,8,0.7261362072995932,False,0.004221209
1,product,2,10,3,30,rank_one_mle,30,13,0.97167185823241,False,0.006380917
1,product,2,20,3,60,rank_one_mle,30,7,0.9876846011767155,False,0.003896458
1,product,2,50,3,150,rank_one_mle,30,6,0.9995807213505685,True,0.003308875
1,product,2,100,3,300,rank_one_mle,30,9,0.9974170302421332,True,0.004628958
1,product,2,300,3,900,rank_one_mle,30,7,0.9994051204610196,True,0.003880125
1,product,2,1000,3,3000,rank_one_mle,30,6,0.9992975606298754,True,0.003714709
1,product,3,5,3,15,rank_one_mle,30,7,0.9811132223992598,False,0.003922625
1,product,3,10,3,30,rank_one_mle,30,12,0.9619475947638328,False,0.006293292
1,product,3,20,3,60,rank_one_mle,30,9,0.9981448102477823,True,0.005013667
1,product,3,50,3,150,rank_one_mle,30,11,0.988683161467157,False,0.005564875
1,product,3,100,3,300,rank_one_mle,30,6,0.9993956198386001,True,0.003273625
1,product,3,300,3,900,rank_one_mle,30,8,0.9984907687970296,True,0.004377292
1,product,3,1000,3,3000,rank_one_mle,30,8,0.9998615449553386,True,0.005076792
1,product,4,5,3,15,rank_one_mle,30,12,0.8289143727373295,False,0.005923084
1,product,4,10,3,30,rank_one_mle,30,13,0.9852383482087606,False,0.007022708
1,product,4,20,3,60,rank_one_mle,30,6,0.9972574862129637,True,0.003352958
1,product,4,50,3,150,rank_one_mle,30,13,0.9943411072709244,True,0.006328709
1,product,4,100,3,300,rank_one_mle,30,8,0.9950339354939953,True,0.0043105
1,product,4,300,3,900,rank_one_mle,30,5,0.9971249233729867,True,0.003163584
1,product,4,1000,3,3000,rank_one_mle,30,6,0.9999570856525364,True,0.003314959
1,product,5,5,3,15,rank_one_mle,30,12,0.9526958477684879,False,0.006012625
1,product,5,10,3,30,rank_one_mle,30,5,0.9930375880352958,True,0.002856
1,product,5,20,3,60,rank_one_mle,30,13,0.980974411091227,False,0.006837667
1,product,5,50,3,150,rank_one_mle,30,10,0.997920998636657,True,0.005047542
1,product,5,100,3,300,rank_one_mle,30,11,0.9962083195234194,True,0.005925583
1,product,5,300,3,900,rank_one_mle,30,10,0.9994766527512645,True,0.005088792
1,product,5,1000,3,3000,rank_one_mle,30,9,0.9999099418343715,True,0.004569792
1,product,6,5,3,15,rank_one_mle,30,13,0.9990752323040678,True,0.006673333
1,product,6,10,3,30,rank_one_mle,30,13,0.9783857444143343,False,0.006426
1,product,6,20,3,60,rank_one_mle,30,10,0.9824589753753142,False,0.005297542
1,product,6,50,3,150,rank_one_mle,30,11,0.9876900478659568,False,0.005950458
1,product,6,100,3,300,rank_one_mle,30,11,0.9992305074765704,True,0.005477208
1,product,6,300,3,900,rank_one_mle,30,8,0.9959696140389559,True,0.004364083
1,product,6,1000,3,3000,rank_one_mle,30,7,0.9997849413518962,True,0.003934083
1,product,7,5,3,15,rank_one_mle,30,9,0.9851967878540545,False,0.0046505
1,product,7,10,3,30,rank_one_mle,30,1,0.9949688265794565,True,0.001089083
1,product,7,20,3,60,rank_one_mle,30,7,0.9911233258378264,True,0.003688625
1,product,7,50,3,150,rank_one_mle,30,11,0.9902183923360752,True,0.005855542
1,product,7,100,3,300,rank_one_mle,30,9,0.9988573312911677,True,0.004619333
1,product,7,300,3,900,rank_one_mle,30,7,0.9995794857695541,True,0.003665209
1,product,7,1000,3,3000,rank_one_mle,30,4,0.9999519174525431,True,0.002394417
1,haar,0,5,3,15,rank_one_mle,30,13,0.951015894317145,False,0.006472208
1,haar,0,10,3,30,rank_one_mle,30,1,0.992106973138766,True,0.001147375
1,haar,0,20,3,60,rank_one_mle,30,1,0.992106973138766,True,0.00108175
1,haar,0,50,3,150,rank_one_mle,30,9,0.9991032457950376,True,0.00452725
1,haar,0,100,3,300,rank_one_mle,30,3,0.9966697390764775,True,0.002162
1,haar,0,300,3,900,rank_one_mle,30,8,0.9989008562292587,True,0.004468667
1,haar,0,1000,3,3000,rank_one_mle,30,7,0.9999911346419055,True,0.003806083
1,haar,1,5,3,15,rank_one_mle,30,12,0.9454012345040241,False,0.005777125
1,haar,1,10,3,30,rank_one_mle,30,11,0.9897002728740465,False,0.005792583
1,haar,1,20,3,60,rank_one_mle,30,23,0.993718719213331,True,0.010685666
1,haar,1,50,3,150,rank_one_mle,30,10,0.9985531585486144,True,0.005281458
1,haar,1,100,3,300,rank_one_mle,30,4,0.995781464272918,True,0.002481459
1,haar,1,300,3,900,rank_one_mle,30,11,0.9991306082428141,True,0.005558292
1,haar,1,1000,3,3000,rank_one_mle,30,6,0.9991929365318387,True,0.003355834
1,haar,2,5,3,15,rank_one_mle,30,12,0.9651463221021322,False,0.006240917
1,haar,2,10,3,30,rank_one_mle,30,11,0.8916014449291736,False,0.005424708
1,haar,2,20,3,60,rank_one_mle,30,6,0.9978879583992805,True,0.003342584
1,haar,2,50,3,150,rank_one_mle,30,13,0.9963970657196777,True,0.006464084
1,haar,2,100,3,300,rank_one_mle,30,8,0.998518717739834,True,0.0041265
1,haar,2,300,3,900,rank_one_mle,30,10,0.9996681005555401,True,0.005022375
1,haar,2,1000,3,3000,rank_one_mle,30,6,0.9998023710016765,True,0.003378375
1,haar,3,5,3,15,rank_one_mle,30,12,0.9253869127143445,False,0.005895042
1,haar,3,10,3,30,rank_one_mle,30,1,0.9479919222753819,False,0.001071709
1,haar,3,20,3,60,rank_one_mle,30,8,0.9870292259629075,False,0.004090459
1,haar,3,50,3,150,rank_one_mle,30,11,0.9930480778373757,True,0.005755875
1,haar,3,100,3,300,rank_one_mle,30,10,0.9974957946700264,True,0.005027625
1,haar,3,300,3,900,rank_one_mle,30,8,0.9955191422786733,True,0.004148
1,haar,3,1000,3,3000,rank_one_mle,30,6,0.9999192431069684,True,0.003322417
1,haar,4,5,3,15,rank_one_mle,30,13,0.9953996863677712,True,0.006547792
1,haar,4,10,3,30,rank_one_mle,30,7,0.9749094394597342,False,0.003700583
1,haar,4,20,3,60,rank_one_mle,30,12,0.9976406590610803,True,0.005992541
1,haar,4,50,3,150,rank_one_mle,30,12,0.9993458297953026,True,0.005966625
1,haar,4,100,3,300,rank_one_mle,30,10,0.9986862053214279,True,0.004939375
1,haar,4,300,3,900,rank_one_mle,30,6,0.9980947267179016,True,0.003402875
1,haar,4,1000,3,3000,rank_one_mle,30,6,0.9995207541494981,True,0.003436125
1,haar,5,5,3,15,rank_one_mle,30,1,0.9850487519472995,False,0.001125
1,haar,5,10,3,30,rank_one_mle,30,10,0.9968757706349628,True,0.0049815
1,haar,5,20,3,60,rank_one_mle,30,10,0.9881741499404176,False,0.005159708
1,haar,5,50,3,150,rank_one_mle,30,8,0.9997999375850848,True,0.004376333
1,haar,5,100,3,300,rank_one_mle,30,9,0.9986917218187347,True,0.0046225
1,haar,5,300,3,900,rank_one_mle,30,1,0.999401112203314,True,0.001068833
1,haar,5,1000,3,3000,rank_one_mle,30,7,0.9994420124388174,True,0.003656875
1,haar,6,5,3,15,rank_one_mle,30,12,0.9756494517770884,False,0.006117
1,haar,6,10,3,30,rank_one_mle,30,13,0.995832329974887,True,0.006357666
1,haar,6,20,3,60,rank_one_mle,30,9,0.98403378498807,False,0.004781
1,haar,6,50,3,150,rank_one_mle,30,15,0.9957917785040172,True,0.007303833
1,haar,6,100,3,300,rank_one_mle,30,6,0.9990404493905667,True,0.003249125
1,haar,6,300,3,900,rank_one_mle,30,8,0.9994687040366266,True,0.004265833
1,haar,6,1000,3,3000,rank_one_mle,30,8,0.9988453258167114,True,0.004394541
1,haar,7,5,3,15,rank_one_mle,30,13,0.9614205676147967,False,0.0062465
1,haar,7,10,3,30,rank_one_mle,30,11,0.9867926347146166,False,0.005461166
1,haar,7,20,3,60,rank_one_mle,30,7,0.9576971806086608,False,0.003805834
1,haar,7,50,3,150,rank_one_mle,30,9,0.9976642803620893,True,0.004646708
1,haar,7,100,3,300,rank_one_mle,30,8,0.9996141291498213,True,0.0041135
1,haar,7,300,3,900,rank_one_mle,30,7,0.9980567904358965,True,0.003913833
1,haar,7,1000,3,3000,rank_one_mle,30,2,0.9997560689969945,True,0.001530125
2,product,0,5,9,45,rank_one_mle,30,16,0.9539260138222412,False,0.019957667
2,product,0,10,9,90,rank_one_mle,30,14,0.9657680355884399,False,0.01763025
2,product,0,20,9,180,rank_one_mle,30,27,0.9802930339420302,False,0.032921459
2,product,0,50,9,450,rank_one_mle,30,15,0.9938082305072062,True,0.018597125
2,product,0,100,9,900,rank_one_mle,30,14,0.9984014721730198,True,0.0174345
2,product,0,300,9,2700,rank_one_mle,30,12,0.9989356853290648,True,0.015356167
2,product,0,1000,9,9000,rank_one_mle,30,15,0.9995871373046061,True,0.018573375
2,product,1,5,9,45,rank_one_mle,30,21,0.9270024184271699,False,0.025780958
2,product,1,10,9,90,rank_one_mle,30,19,0.9668158584289989,False,0.023174833
2,product,1,20,9,180,rank_one_mle,30,23,0.9906971909900391,True,0.028026583
2,product,1,50,9,450,rank_one_mle,30,15,0.9921959550723188,True,0.018470666
2,product,1,100,9,900,rank_one_mle,30,13,0.9961176638298779,True,0.01632925
2,product,1,300,9,2700,rank_one_mle,30,13,0.9987915131367051,True,0.016249167
2,product,1,1000,9,9000,rank_one_mle,30,10,0.9998894365608764,True,0.013126208
2,product,2,5,9,45,rank_one_mle,30,12,0.9791323579151465,False,0.01543425
2,product,2,10,9,90,rank_one_mle,30,18,0.9679981153064956,False,0.022092959
2,product,2,20,9,180,rank_one_mle,30,18,0.982515484768499,False,0.022193875
2,product,2,50,9,450,rank_one_mle,30,17,0.9846667174740888,False,0.021164459
2,product,2,100,9,900,rank_one_mle,30,19,0.9971267423525844,True,0.023314083
2,product,2,300,9,2700,rank_one_mle,30,13,0.9987468568448634,True,0.016188209
2,product,2,1000,9,9000,rank_one_mle,30,17,0.9995495181516706,True,0.021137959
2,product,3,5,9,45,rank_one_mle,30,30,0.9078996401771013,False,0.03577475
2,product,3,10,9,90,rank_one_mle,30,16,0.9795160057490229,False,0.01964875
2,product,3,20,9,180,rank_one_mle,30,25,0.9629396924033193,False,0.0302075
2,product,3,50,9,450,rank_one_mle,30,16,0.9983403667984155,True,0.019662542
2,product,3,100,9,900,rank_one_mle,30,17,0.9863906318772722,False,0.021030166
2,product,3,300,9,2700,rank_one_mle,30,17,0.9990107392476315,True,0.021407875
2,product,3,1000,9,9000,rank_one_mle,30,11,0.9997550260008087,True,0.013944167
2,product,4,5,9,45,rank_one_mle,30,16,0.952306094705888,False,0.019601917
2,product,4,10,9,90,rank_one_mle,30,13,0.9730319628027438,False,0.016358417
2,product,4,20,9,180,rank_one_mle,30,20,0.9700367789947566,False,0.024307459
2,product,4,50,9,450,rank_one_mle,30,17,0.9944130759985033,True,0.0209205
2,product,4,100,9,900,rank_one_mle,30,18,0.9994707470718888,True,0.021853208
2,product,4,300,9,2700,rank_one_mle,30,16,0.9997916015120768,True,0.01982025
2,product,4,1000,9,9000,rank_one_mle,30,13,0.9998172928627452,True,0.016418209
2,product,5,5,9,45,rank_one_mle,30,30,0.9268903727204043,False,0.036440291
2,product,5,10,9,90,rank_one_mle,30,20,0.9821093101063668,False,0.024428833
2,product,5,20,9,180,rank_one_mle,30,17,0.9752461823281103,False,0.021056917
2,product,5,50,9,450,rank_one_mle,30,13,0.996034223896847,True,0.016261833
2,product,5,100,9,900,rank_one_mle,30,27,0.9975687694577501,True,0.032169292
2,product,5,300,9,2700,rank_one_mle,30,21,0.9991223476864021,True,0.025395333
2,product,5,1000,9,9000,rank_one_mle,30,11,0.9997882826647589,True,0.01411675
2,product,6,5,9,45,rank_one_mle,30,20,0.9714221602385193,False,0.024262917
2,product,6,10,9,90,rank_one_mle,30,14,0.9768138621611375,False,0.017522917
2,product,6,20,9,180,rank_one_mle,30,29,0.9936236806444798,True,0.034726125
2,product,6,50,9,450,rank_one_mle,30,12,0.9902963963988268,True,0.015050958
2,product,6,100,9,900,rank_one_mle,30,19,0.9941131227030341,True,0.023172625
2,product,6,300,9,2700,rank_one_mle,30,16,0.9995912068298397,True,0.01968525
2,product,6,1000,9,9000,rank_one_mle,30,13,0.9996518483308007,True,0.016205708
2,product,7,5,9,45,rank_one_mle,30,15,0.9419888892311471,False,0.018807333
2,product,7,10,9,90,rank_one_mle,30,17,0.984573214624606,False,0.020956334
2,product,7,20,9,180,rank_one_mle,30,28,0.9738530198610036,False,0.033710791
2,product,7,50,9,450,rank_one_mle,30,13,0.9977136956577343,True,0.01625925
2,product,7,100,9,900,rank_one_mle,30,18,0.9955811725015598,True,0.021996916
2,product,7,300,9,2700,rank_one_mle,30,15,0.9992146154078336,True,0.018598542
2,product,7,1000,9,9000,rank_one_mle,30,13,0.9997846646708624,True,0.016360834
2,haar,0,5,9,45,rank_one_mle,30,22,0.9409852232490761,False,0.026663167
2,haar,0,10,9,90,rank_one_mle,30,23,0.9656071325365111,False,0.0279815
2,haar,0,20,9,180,rank_one_mle,30,19,0.9836368683604181,False,0.023121375
2,haar,0,50,9,450,rank_one_mle,30,30,0.9938603120499641,True,0.035905833
2,haar,0,100,9,900,rank_one_mle,30,18,0.9971009421848288,True,0.02229975
2,haar,0,300,9,2700,rank_one_mle,30,27,0.9995973292940771,True,0.032559792
2,haar,0,1000,9,9000,rank_one_mle,30,15,0.9994283125940188,True,0.018498625
2,haar,1,5,9,45,rank_one_mle,30,30,0.7479935298013041,False,0.035950833
2,haar,1,10,9,90,rank_one_mle,30,18,0.9749148322552483,False,0.022207375
2,haar,1,20,9,180,rank_one_mle,30,25,0.9941366326599895,True,0.030047458
2,haar,1,50,9,450,rank_one_mle,30,19,0.9858127188023043,False,0.023387459
2,haar,1,100,9,900,rank_one_mle,30,16,0.9970545725164607,True,0.019785666
2,haar,1,300,9,2700,rank_one_mle,30,15,0.9975579233157794,True,0.018526833
2,haar,1,1000,9,9000,rank_one_mle,30,13,0.9999433815247236,True,0.016810375
2,haar,2,5,9,45,rank_one_mle,30,30,0.953214235006714,False,0.035818459
2,haar,2,10,9,90,rank_one_mle,30,18,0.9661929535501125,False,0.022407792
2,haar,2,20,9,180,rank_one_mle,30,20,0.9918408103212181,True,0.024232291
2,haar,2,50,9,450,rank_one_mle,30,18,0.9941961123896349,True,0.022379709
2,haar,2,100,9,900,rank_one_mle,30,18,0.997495908094785,True,0.021988875
2,haar,2,300,9,2700,rank_one_mle,30,14,0.9981845892953732,True,0.01746225
2,haar,2,1000,9,9000,rank_one_mle,30,14,0.9997225272658714,True,0.017514208
2,haar,3,5,9,45,rank_one_mle,30,30,0.9160088997327669,False,0.036158958
2,haar,3,10,9,90,rank_one_mle,30,24,0.9731859013571322,False,0.028902084
2,haar,3,20,9,180,rank_one_mle,30,24,0.9935534248049103,True,0.0289765
2,haar,3,50,9,450,rank_one_mle,30,17,0.9927582776517454,True,0.020662292
2,haar,3,100,9,900,rank_one_mle,30,27,0.9898469732615242,False,0.032690833
2,haar,3,300,9,2700,rank_one_mle,30,15,0.9980661952469301,True,0.018555667
2,haar,3,1000,9,9000,rank_one_mle,30,13,0.9998530966032301,True,0.016317167
2,haar,4,5,9,45,rank_one_mle,30,30,0.9606262166091933,False,0.035771167
2,haar,4,10,9,90,rank_one_mle,30,26,0.9873838831138619,False,0.031526209
2,haar,4,20,9,180,rank_one_mle,30,24,0.9975021690428646,True,0.029157084
2,haar,4,50,9,450,rank_one_mle,30,20,0.9940240900247391,True,0.024668958
2,haar,4,100,9,900,rank_one_mle,30,18,0.9897846504593253,False,0.022081167
2,haar,4,300,9,2700,rank_one_mle,30,16,0.9989573213356423,True,0.019940125
2,haar,4,1000,9,9000,rank_one_mle,30,13,0.999698352920294,True,0.016256083
2,haar,5,5,9,45,rank_one_mle,30,30,0.95359784200674,False,0.036089959
2,haar,5,10,9,90,rank_one_mle,30,30,0.9453055405879849,False,0.036492542
2,haar,5,20,9,180,rank_one_mle,30,20,0.9927976017483177,True,0.024294125
2,haar,5,50,9,450,rank_one_mle,30,15,0.9938598420057747,True,0.018511
2,haar,5,100,9,900,rank_one_mle,30,18,0.9967179072724109,True,0.022320167
2,haar,5,300,9,2700,rank_one_mle,30,15,0.9964254630020725,True,0.018451875
2,haar,5,1000,9,9000,rank_one_mle,30,14,0.9997669561609392,True,0.017447292
2,haar,6,5,9,45,rank_one_mle,30,30,0.8937584789974888,False,0.035597208
2,haar,6,10,9,90,rank_one_mle,30,17,0.9567014497342186,False,0.020977667
2,haar,6,20,9,180,rank_one_mle,30,14,0.9688439415301526,False,0.017465208
2,haar,6,50,9,450,rank_one_mle,30,21,0.992635098627026,True,0.025290291
2,haar,6,100,9,900,rank_one_mle,30,22,0.9946211057478419,True,0.02682925
2,haar,6,300,9,2700,rank_one_mle,30,18,0.9984118021237746,True,0.021904084
2,haar,6,1000,9,9000,rank_one_mle,30,14,0.999775590220798,True,0.017519083
2,haar,7,5,9,45,rank_one_mle,30,17,0.9106412206154406,False,0.020885625
2,haar,7,10,9,90,rank_one_mle,30,30,0.9579294134286227,False,0.039107042
2,haar,7,20,9,180,rank_one_mle,30,20,0.9919626385983561,True,0.024375959
2,haar,7,50,9,450,rank_one_mle,30,24,0.9945668206446656,True,0.028994958
2,haar,7,100,9,900,rank_one_mle,30,15,0.9985258121292414,True,0.018894125
2,haar,7,300,9,2700,rank_one_mle,30,14,0.998699960333964,True,0.017578917
2,haar,7,1000,9,9000,rank_one_mle,30,14,0.9996411132919855,True,0.017439
3,product,0,5,27,135,rank_one_mle,30,30,0.9496613798252261,False,0.110309959
3,product,0,10,27,270,rank_one_mle,30,18,0.9767925516539874,False,0.067691833
3,product,0,20,27,540,rank_one_mle,30,21,0.983011908691174,False,0.077585541
3,product,0,50,27,1350,rank_one_mle,30,22,0.9971365508229196,True,0.081465709
3,product,0,100,27,2700,rank_one_mle,30,18,0.9979081519171116,True,0.067036667
3,product,0,300,27,8100,rank_one_mle,30,15,0.9991404477013127,True,0.056705291
3,product,0,1000,27,27000,rank_one_mle,30,23,0.9997192636985488,True,0.0851305
3,product,1,5,27,135,rank_one_mle,30,30,0.9340396172880886,False,0.109628416
3,product,1,10,27,270,rank_one_mle,30,30,0.9371372263548735,False,0.111944292
3,product,1,20,27,540,rank_one_mle,30,30,0.9920886738294766,True,0.110228417
3,product,1,50,27,1350,rank_one_mle,30,17,0.9893140741140852,False,0.064645792
3,product,1,100,27,2700,rank_one_mle,30,21,0.9972490047268736,True,0.086746917
3,product,1,300,27,8100,rank_one_mle,30,30,0.9993688623613176,True,0.111308125
3,product,1,1000,27,27000,rank_one_mle,30,16,0.9997973579381546,True,0.060819958
3,product,2,5,27,135,rank_one_mle,30,24,0.9599525934638465,False,0.089683917
3,product,2,10,27,270,rank_one_mle,30,30,0.9839714058205611,False,0.110833583
3,product,2,20,27,540,rank_one_mle,30,18,0.9919997271857559,True,0.067755208
3,product,2,50,27,1350,rank_one_mle,30,13,0.9940924300738314,True,0.04985275
3,product,2,100,27,2700,rank_one_mle,30,17,0.9977927656421434,True,0.063854583
3,product,2,300,27,8100,rank_one_mle,30,17,0.9992958952318239,True,0.064167958
3,product,2,1000,27,27000,rank_one_mle,30,30,0.9998217727513019,True,0.110952375
3,product,3,5,27,135,rank_one_mle,30,22,0.9030481304944769,False,0.081965333
3,product,3,10,27,270,rank_one_mle,30,25,0.9801006533141123,False,0.092722209
3,product,3,20,27,540,rank_one_mle,30,17,0.9878448269325142,False,0.063362833
3,product,3,50,27,1350,rank_one_mle,30,17,0.9897522908656559,False,0.063893
3,product,3,100,27,2700,rank_one_mle,30,21,0.9991297952228017,True,0.078001375
3,product,3,300,27,8100,rank_one_mle,30,19,0.999425578647583,True,0.070870917
3,product,3,1000,27,27000,rank_one_mle,30,15,0.9998707589523861,True,0.057128708
3,product,4,5,27,135,rank_one_mle,30,23,0.9717916975872027,False,0.084777292
3,product,4,10,27,270,rank_one_mle,30,27,0.9758152973895647,False,0.100604416
3,product,4,20,27,540,rank_one_mle,30,24,0.9847476453870436,False,0.088304458
3,product,4,50,27,1350,rank_one_mle,30,17,0.9969274064165305,True,0.063817
3,product,4,100,27,2700,rank_one_mle,30,14,0.9975862570079101,True,0.053503208
3,product,4,300,27,8100,rank_one_mle,30,15,0.9993089500713617,True,0.05678625
3,product,4,1000,27,27000,rank_one_mle,30,13,0.9995669780962193,True,0.049770334
3,product,5,5,27,135,rank_one_mle,30,30,0.8281664131111869,False,0.122707541
3,product,5,10,27,270,rank_one_mle,30,21,0.9791026965878913,False,0.078427875
3,product,5,20,27,540,rank_one_mle,30,18,0.9871733138057186,False,0.067510666
3,product,5,50,27,1350,rank_one_mle,30,18,0.9969891939821123,True,0.067835584
3,product,5,100,27,2700,rank_one_mle,30,18,0.9960309175930212,True,0.067438416
3,product,5,300,27,8100,rank_one_mle,30,16,0.9988167006805149,True,0.060704583
3,product,5,1000,27,27000,rank_one_mle,30,14,0.9997325900035058,True,0.05329075
3,product,6,5,27,135,rank_one_mle,30,30,0.9409846919941502,False,0.110500458
3,product,6,10,27,270,rank_one_mle,30,29,0.9815083273924421,False,0.106369834
3,product,6,20,27,540,rank_one_mle,30,21,0.9762629814807131,False,0.077886417
3,product,6,50,27,1350,rank_one_mle,30,21,0.9957644805992804,True,0.07826675
3,product,6,100,27,2700,rank_one_mle,30,24,0.9964046180896405,True,0.088462291
3,product,6,300,27,8100,rank_one_mle,30,13,0.9988313777050613,True,0.049340708
3,product,6,1000,27,27000,rank_one_mle,30,13,0.9997032037787597,True,0.049632625
3,product,7,5,27,135,rank_one_mle,30,18,0.9589981857166057,False,0.068254291
3,product,7,10,27,270,rank_one_mle,30,30,0.989084175162028,False,0.109755541
3,product,7,20,27,540,rank_one_mle,30,20,0.9846310253293096,False,0.074352125
3,product,7,50,27,1350,rank_one_mle,30,29,0.9960363192053147,True,0.10627825
3,product,7,100,27,2700,rank_one_mle,30,23,0.9990017122616164,True,0.085450125
3,product,7,300,27,8100,rank_one_mle,30,16,0.9990550039037781,True,0.059841834
3,product,7,1000,27,27000,rank_one_mle,30,16,0.9998154619076751,True,0.060005417
3,haar,0,5,27,135,rank_one_mle,30,26,0.9537065979633307,False,0.095818292
3,haar,0,10,27,270,rank_one_mle,30,21,0.966670462224537,False,0.07732675
3,haar,0,20,27,540,rank_one_mle,30,22,0.9869910435701916,False,0.083157167
3,haar,0,50,27,1350,rank_one_mle,30,16,0.9956066412096564,True,0.060684916
3,haar,0,100,27,2700,rank_one_mle,30,16,0.9964828727662766,True,0.060762458
3,haar,0,300,27,8100,rank_one_mle,30,16,0.9986378891671014,True,0.060637459
3,haar,0,1000,27,27000,rank_one_mle,30,15,0.9998582052759963,True,0.057576708
3,haar,1,5,27,135,rank_one_mle,30,25,0.9452515250625141,False,0.092677459
3,haar,1,10,27,270,rank_one_mle,30,30,0.9790105722142207,False,0.111272542
3,haar,1,20,27,540,rank_one_mle,30,20,0.9796372176288827,False,0.075173334
3,haar,1,50,27,1350,rank_one_mle,30,19,0.995598869032834,True,0.071606833
3,haar,1,100,27,2700,rank_one_mle,30,15,0.9990189033863449,True,0.057137292
3,haar,1,300,27,8100,rank_one_mle,30,20,0.9987064276563147,True,0.074540875
3,haar,1,1000,27,27000,rank_one_mle,30,14,0.9996994298884336,True,0.053713458
3,haar,2,5,27,135,rank_one_mle,30,30,0.9014102375030161,False,0.110558166
3,haar,2,10,27,270,rank_one_mle,30,27,0.9679280240478798,False,0.103299166
3,haar,2,20,27,540,rank_one_mle,30,26,0.9892905181571655,False,0.101030667
3,haar,2,50,27,1350,rank_one_mle,30,22,0.9956969872867875,True,0.0862305
3,haar,2,100,27,2700,rank_one_mle,30,20,0.9956367137167327,True,0.079980083
3,haar,2,300,27,8100,rank_one_mle,30,17,0.9992229336344959,True,0.068124666
3,haar,2,1000,27,27000,rank_one_mle,30,15,0.9997880014420019,True,0.061380042
3,haar,3,5,27,135,rank_one_mle,30,26,0.9709558475177046,False,0.101464834
3,haar,3,10,27,270,rank_one_mle,30,25,0.9773543521102135,False,0.0982585
3,haar,3,20,27,540,rank_one_mle,30,26,0.9924112774109004,True,0.097689417
3,haar,3,50,27,1350,rank_one_mle,30,18,0.9961968243600485,True,0.069610834
3,haar,3,100,27,2700,rank_one_mle,30,18,0.9973538720301095,True,0.067175416
3,haar,3,300,27,8100,rank_one_mle,30,16,0.9987784390574259,True,0.060437458
3,haar,3,1000,27,27000,rank_one_mle,30,15,0.9997165673777835,True,0.056983083
3,haar,4,5,27,135,rank_one_mle,30,30,0.950304036473981,False,0.110424708
3,haar,4,10,27,270,rank_one_mle,30,27,0.9356090908341624,False,0.099358167
3,haar,4,20,27,540,rank_one_mle,30,18,0.9913487571955437,True,0.068025375
3,haar,4,50,27,1350,rank_one_mle,30,17,0.9925448640427742,True,0.064074583
3,haar,4,100,27,2700,rank_one_mle,30,18,0.9964525897989491,True,0.067682
3,haar,4,300,27,8100,rank_one_mle,30,15,0.9987475073017155,True,0.056762125
3,haar,4,1000,27,27000,rank_one_mle,30,18,0.9997572434639254,True,0.06704725
3,haar,5,5,27,135,rank_one_mle,30,30,0.9555442849394782,False,0.110682917
3,haar,5,10,27,270,rank_one_mle,30,30,0.9593969778598834,False,0.109814208
3,haar,5,20,27,540,rank_one_mle,30,22,0.9882419178064237,False,0.081412791
3,haar,5,50,27,1350,rank_one_mle,30,22,0.9951206835798638,True,0.081566833
3,haar,5,100,27,2700,rank_one_mle,30,21,0.9955323709439208,True,0.077600125
3,haar,5,300,27,8100,rank_one_mle,30,16,0.9990222475092337,True,0.060004458
3,haar,5,1000,27,27000,rank_one_mle,30,17,0.9997972365109293,True,0.063522209
3,haar,6,5,27,135,rank_one_mle,30,19,0.9625379813585438,False,0.070629041
3,haar,6,10,27,270,rank_one_mle,30,22,0.9689979038887383,False,0.082149417
3,haar,6,20,27,540,rank_one_mle,30,27,0.9865794717161112,False,0.100057958
3,haar,6,50,27,1350,rank_one_mle,30,16,0.9951058705197542,True,0.060475542
3,haar,6,100,27,2700,rank_one_mle,30,16,0.9966739710402633,True,0.060159125
3,haar,6,300,27,8100,rank_one_mle,30,15,0.9988430072237223,True,0.057010167
3,haar,6,1000,27,27000,rank_one_mle,30,16,0.9998591492172776,True,0.060290333
3,haar,7,5,27,135,rank_one_mle,30,30,0.9514069319047818,False,0.10983075
3,haar,7,10,27,270,rank_one_mle,30,27,0.9780315165718183,False,0.099695584
3,haar,7,20,27,540,rank_one_mle,30,27,0.9813298160148985,False,0.099052209
3,haar,7,50,27,1350,rank_one_mle,30,19,0.9959245699097946,True,0.072678541
3,haar,7,100,27,2700,rank_one_mle,30,18,0.9980241312956734,True,0.067786834
3,haar,7,300,27,8100,rank_one_mle,30,18,0.9991649600836814,True,0.067409541
3,haar,7,1000,27,27000,rank_one_mle,30,14,0.9997073148329,True,0.053174458
