replicate,noise_case,method,fidelity_to_reconstruction_target,fidelity_to_ideal_pre_noise_state,ideal_to_target_fidelity,hs_distance_to_target,minimum_eigenvalue,physical,inference_seconds
0,finite_shots_only,linear_inversion,1.0,1.0,1.0,0.06487304842592943,-0.0322773193992737,False,0.00037358299596235156
0,finite_shots_only,maximum_likelihood,0.993748973491281,0.993748973491281,1.0,0.0503271689107921,9.632542358699722e-16,True,0.07368812500499189
0,finite_shots_only,neural_network,0.9568964566264747,0.9568964566264747,1.0,0.24527421968610458,0.00010619814935747807,True,0.00024016699171625078
0,global_depolarizing_p08,linear_inversion,0.9845013668879105,0.9498377229345338,0.9400000175310403,0.07190701538444498,-0.011396571879691677,False,0.00035420802305452526
0,global_depolarizing_p08,maximum_likelihood,0.9745256019994156,0.9424361893907008,0.9400000175310403,0.05996834077326734,6.316719840188169e-12,True,0.07173166697612032
0,global_depolarizing_p08,neural_network,0.9781063396180237,0.951039329654015,0.9400000175310403,0.16753970852185138,0.003865928674981947,True,0.00022387498756870627
0,amplitude_damping_p08,linear_inversion,1.0,0.9283034219061884,0.9263008363382216,0.05286913540963898,-0.01727184503569361,False,0.0003555829753167927
0,amplitude_damping_p08,maximum_likelihood,0.9939005604907453,0.9139085519032145,0.9263008363382216,0.06208629011324783,4.1395209634061877e-13,True,0.07170245802262798
0,amplitude_damping_p08,neural_network,0.9530325303113181,0.927709321650764,0.9263008363382216,0.2338711621778854,0.00705017984873135,True,0.0002103750011883676
0,phase_damping_p08,linear_inversion,0.9888269469423367,0.9373957186264067,0.9274189910882074,0.07789814834341285,-0.014157489362353112,False,0.0003514170239213854
0,phase_damping_p08,maximum_likelihood,0.9898669177615099,0.9554042158363668,0.9274189910882074,0.06856196232003937,9.681552048897338e-16,True,0.0707738749915734
0,phase_damping_p08,neural_network,0.9580998270285523,0.9520747856490466,0.9274189910882074,0.14500830386735195,0.0033153003318084507,True,0.00021229099365882576
0,biased_pauli_02_01_05,linear_inversion,0.9858166070219609,0.8613661965207166,0.8625357144881599,0.09099972186176804,-0.022053510621474093,False,0.0003542500198818743
0,biased_pauli_02_01_05,maximum_likelihood,0.9741007121546273,0.8596827254118302,0.8625357144881599,0.0684740518193695,7.828538559758946e-13,True,0.06974737500422634
0,biased_pauli_02_01_05,neural_network,0.9710236872539957,0.8882873765836956,0.8625357144881599,0.15217883053286452,0.019707680837781467,True,0.0002145830076187849
0,coherent_z_rotation_008rad,linear_inversion,1.0,0.9989325783670107,0.995187843451068,0.06893357391740838,-0.04026752956479918,False,0.0003522080078255385
0,coherent_z_rotation_008rad,maximum_likelihood,0.9944326713260114,0.9885920186416433,0.995187843451068,0.028046971123202397,6.905839466705925e-14,True,0.06977150001330301
0,coherent_z_rotation_008rad,neural_network,0.966539842802667,0.966458619864091,0.995187843451068,0.2261586910273459,1.9344993611734898e-07,True,0.00020599999697878957
0,readout_assignment_3pct_5pct,linear_inversion,0.8932281309573828,0.8932281309573828,1.0,0.1423508417626543,0.002953463787149024,True,0.0003542079939506948
0,readout_assignment_3pct_5pct,maximum_likelihood,0.8862245141617263,0.8862245141617263,1.0,0.14542669745637923,0.007387511275611435,True,0.06990545900771394
0,readout_assignment_3pct_5pct,neural_network,0.8881727985255181,0.8881727985255181,1.0,0.2567583839482528,0.012375902553221553,True,0.0002069160109385848
1,finite_shots_only,linear_inversion,1.0,1.0,1.0,0.06439289596558526,-0.03484329296066483,False,0.00034562498331069946
1,finite_shots_only,maximum_likelihood,0.9989904618366983,0.9989904618366983,1.0,0.03216838131368405,2.2065256581107996e-15,True,0.0709284589975141
1,finite_shots_only,neural_network,0.8437781807199752,0.8437781807199752,1.0,0.40924280262083085,0.0018939905267520173,True,0.00021245898096822202
1,global_depolarizing_p08,linear_inversion,0.9800966650316397,0.9422838136071436,0.9400000318711264,0.06567970895664262,-0.009111061709136925,False,0.0003499580197967589
1,global_depolarizing_p08,maximum_likelihood,0.9734959175121858,0.9352296436681526,0.9400000318711264,0.05984792001385795,1.810381274223641e-12,True,0.06961883397889324
1,global_depolarizing_p08,neural_network,0.9163155183888241,0.8271896709161071,0.9400000318711264,0.3493216286072312,0.008256261379711232,True,0.00021062500309199095
1,amplitude_damping_p08,linear_inversion,0.9763775347402326,0.9042548816526196,0.9109987805231762,0.07161912919955417,-0.019111033695905014,False,0.0003499169833958149
1,amplitude_damping_p08,maximum_likelihood,0.9874187108859633,0.91132308943669,0.9109987805231762,0.04672183615037135,5.435972523450126e-13,True,0.06953679100843146
1,amplitude_damping_p08,neural_network,0.8343920057215016,0.729201226920712,0.9109987805231762,0.35528005013055913,0.014752788017190072,True,0.00021891697542741895
1,phase_damping_p08,linear_inversion,1.0,0.9637394267817124,0.9403919252931565,0.07304532688755336,-0.03232231797879234,False,0.0003804159932769835
1,phase_damping_p08,maximum_likelihood,0.9822850432689347,0.9569359350915845,0.9403919252931565,0.03405346877195532,7.269274488881988e-14,True,0.07057445801910944
1,phase_damping_p08,neural_network,0.8675021728384158,0.7904078779855385,0.9403919252931565,0.47594555695181884,0.0061743422650338,True,0.00020983399008400738
1,biased_pauli_02_01_05,linear_inversion,0.9946029385733304,0.8674034733888241,0.873857446496312,0.04620039501582123,0.01426345223589166,True,0.000348917004885152
1,biased_pauli_02_01_05,maximum_likelihood,0.9907276680876145,0.8660492136776272,0.873857446496312,0.05004799149070089,0.00992042506027913,True,0.07161549999727868
1,biased_pauli_02_01_05,neural_network,0.9066270609790571,0.7687173194747147,0.873857446496312,0.36239478354090304,0.009423435913450733,True,0.0002144169993698597
1,coherent_z_rotation_008rad,linear_inversion,0.9835968916358792,0.9821976876449601,0.9984990224286722,0.05887490650221573,-0.023940417619802028,False,0.0003517500008456409
1,coherent_z_rotation_008rad,maximum_likelihood,0.9821234431523264,0.9793344680862333,0.9984990224286722,0.042886918672806265,5.088178522333047e-14,True,0.07031595800071955
1,coherent_z_rotation_008rad,neural_network,0.8744991246598063,0.8741245267725625,0.9984990224286722,0.26949909749787965,0.0017824421713128079,True,0.00021212498540990055
1,readout_assignment_3pct_5pct,linear_inversion,0.8930236892780423,0.8930236892780423,1.0,0.1467537364353842,0.012405750613274029,True,0.00035762498737312853
1,readout_assignment_3pct_5pct,maximum_likelihood,0.883582112316076,0.883582112316076,1.0,0.15167738860316196,0.01490685961571711,True,0.06991279200883582
1,readout_assignment_3pct_5pct,neural_network,0.716808542146033,0.716808542146033,1.0,0.4853693969634958,0.021608904021364256,True,0.00020862501696683466
2,finite_shots_only,linear_inversion,0.9935252976586321,0.9935252976586321,1.0,0.05682806636592171,-0.03047533215955496,False,0.0003548749955371022
2,finite_shots_only,maximum_likelihood,0.9749998966106276,0.9749998966106276,1.0,0.04991587638508094,9.991092131340342e-14,True,0.0714310830226168
2,finite_shots_only,neural_network,0.8605890889765399,0.8605890889765399,1.0,0.3477403192323553,0.002784126618292303,True,0.00021579200983978808
2,global_depolarizing_p08,linear_inversion,0.9772334846926253,0.934541292575219,0.9400000207620901,0.07592141331232882,-0.005531758718467362,False,0.0003547079977579415
2,global_depolarizing_p08,maximum_likelihood,0.9717330938892503,0.9282653362381822,0.9400000207620901,0.056178277849403255,6.246942353366688e-13,True,0.07089387500309385
2,global_depolarizing_p08,neural_network,0.9299040077852128,0.8514402614804899,0.9400000207620901,0.32286849848987,0.0070649198813411964,True,0.00021008402109146118
2,amplitude_damping_p08,linear_inversion,0.9877660590447901,0.9187469065052948,0.9273541978761626,0.07925755781765766,-0.027136976907472233,False,0.000354750023689121
2,amplitude_damping_p08,maximum_likelihood,0.9825913343919244,0.9139840289760768,0.9273541978761626,0.06132520455919713,2.618145660313461e-13,True,0.07038924997323193
2,amplitude_damping_p08,neural_network,0.912137324656752,0.7875395138636977,0.9273541978761626,0.3715097795461462,0.007298929168779369,True,0.00020654199761338532
2,phase_damping_p08,linear_inversion,0.9982001633315735,0.970697623969699,0.9285700284723274,0.09937106903109101,-0.027021808014330007,False,0.000514333019964397
2,phase_damping_p08,maximum_likelihood,0.9675222970058727,0.9482913118939956,0.9285700284723274,0.0754520850898514,8.803449849073933e-13,True,0.07080537499859929
2,phase_damping_p08,neural_network,0.9193357970308642,0.8255278842815341,0.9285700284723274,0.34687636227319335,0.009252969303932003,True,0.0002099999983329326
2,biased_pauli_02_01_05,linear_inversion,0.9750604468110037,0.8712718712776243,0.8744772426913185,0.07272783015143633,0.005381713191423809,True,0.0003490000090096146
2,biased_pauli_02_01_05,maximum_likelihood,0.9746449088251555,0.8752741895858902,0.8744772426913185,0.0733456533909502,0.003673860287359945,True,0.07091270800447091
2,biased_pauli_02_01_05,neural_network,0.9451780520334283,0.8043048342207478,0.8744772426913185,0.3056276482016566,0.010245343741892394,True,0.00020700000459328294
2,coherent_z_rotation_008rad,linear_inversion,1.0,1.0,0.9983176187183848,0.0774779829337514,-0.04707148702651915,False,0.0003495419805403799
2,coherent_z_rotation_008rad,maximum_likelihood,0.9996427894621023,0.9982115041606797,0.9983176187183848,0.026729311145622048,3.571423764306612e-13,True,0.015093499998329207
2,coherent_z_rotation_008rad,neural_network,0.8562611409382219,0.854129303278971,0.9983176187183848,0.4257580730542161,0.0010100232782021322,True,0.00022245800937525928
2,readout_assignment_3pct_5pct,linear_inversion,0.9080357191926911,0.9080357191926911,1.0,0.12633524462580373,-0.002193527384450129,False,0.00035395901068113744
2,readout_assignment_3pct_5pct,maximum_likelihood,0.9161764289996012,0.9161764289996012,1.0,0.11192479376161864,2.940985478386082e-12,True,0.07048741698963568
2,readout_assignment_3pct_5pct,neural_network,0.7835486062030012,0.7835486062030012,1.0,0.4373686056021948,0.016320024250848737,True,0.00021162498160265386
3,finite_shots_only,linear_inversion,1.0,1.0,1.0,0.0865836782524533,-0.03261147712615869,False,0.00035125002614222467
3,finite_shots_only,maximum_likelihood,0.9841658132796652,0.9841658132796652,1.0,0.055941741549633724,2.966471845663918e-15,True,0.0709823340002913
3,finite_shots_only,neural_network,0.9249568245093465,0.9249568245093465,1.0,0.30538341298139027,5.299826905493098e-06,True,0.0002080409904010594
3,global_depolarizing_p08,linear_inversion,0.9766222072166363,0.9266492187768358,0.9400000268190174,0.06120049271580254,-0.008038694506546235,False,0.00036074998206458986
3,global_depolarizing_p08,maximum_likelihood,0.9693953452374674,0.9297106884658032,0.9400000268190174,0.05636176635077693,8.124779608357042e-13,True,0.07018979202257469
3,global_depolarizing_p08,neural_network,0.9549857986219846,0.9583675832561152,0.9400000268190174,0.1964816119875726,9.883696741843032e-08,True,0.00026083298143930733
3,amplitude_damping_p08,linear_inversion,1.0,0.924120611025494,0.912661070221828,0.06531099506895725,-0.03138208867096023,False,0.0003540419857017696
3,amplitude_damping_p08,maximum_likelihood,0.9896552106978088,0.9232847615110449,0.912661070221828,0.03478580624563355,5.168340330875934e-14,True,0.07022141700144857
3,amplitude_damping_p08,neural_network,0.9554304011148619,0.9530810696136571,0.912661070221828,0.17162246307804116,0.00017438055654938627,True,0.00021545900381170213
3,phase_damping_p08,linear_inversion,0.9830200753985138,0.9518457173519786,0.9400623739851459,0.065537963871656,-0.013967442643719455,False,0.0003487499780021608
3,phase_damping_p08,maximum_likelihood,0.9875906425238297,0.9630684030079745,0.9400623739851459,0.056867176504225944,3.280446343133158e-14,True,0.0702580829965882
3,phase_damping_p08,neural_network,0.9483268561088898,0.95323759605496,0.9400623739851459,0.19758319158581872,1.5776141151657163e-07,True,0.00023187499027699232
3,biased_pauli_02_01_05,linear_inversion,0.9728792817142474,0.8768066008887057,0.8887955487770037,0.07525632781908795,0.0025696422858420137,True,0.00034933400456793606
3,biased_pauli_02_01_05,maximum_likelihood,0.9857869053866091,0.9028484113502774,0.8887955487770037,0.06513994719710023,0.0017426827679958392,True,0.07097933301702142
3,biased_pauli_02_01_05,neural_network,0.9100742674744784,0.9459433834943524,0.8887955487770037,0.269735058919327,3.538962734932385e-07,True,0.00021637501777149737
3,coherent_z_rotation_008rad,linear_inversion,0.9757482206258604,0.9703468962688254,0.9968390377558913,0.06648021024021761,-0.020121748698914994,False,0.0003492079849820584
3,coherent_z_rotation_008rad,maximum_likelihood,0.9905552709552283,0.9859562194993171,0.9968390377558913,0.03012975859723879,8.927235375158127e-15,True,0.06997199999750592
3,coherent_z_rotation_008rad,neural_network,0.9093197167748797,0.8973490314288812,0.9968390377558913,0.2983504266201517,3.4014638437230135e-06,True,0.00021358300000429153
3,readout_assignment_3pct_5pct,linear_inversion,0.9051340593077942,0.9051340593077942,1.0,0.12679087349651502,-0.0175516113580584,False,0.0003536669828463346
3,readout_assignment_3pct_5pct,maximum_likelihood,0.893417737521935,0.893417737521935,1.0,0.14037988145131736,8.487850368808169e-13,True,0.06996816597529687
3,readout_assignment_3pct_5pct,neural_network,0.9457588888232538,0.9457588888232538,1.0,0.24770248758950147,0.00022382443418693154,True,0.00020487501751631498
4,finite_shots_only,linear_inversion,1.0,1.0,1.0,0.05231102394487927,-0.02684257214346543,False,0.0003540419857017696
4,finite_shots_only,maximum_likelihood,0.999530159394737,0.999530159394737,1.0,0.030654736622996667,6.26164659969714e-14,True,0.017327209003269672
4,finite_shots_only,neural_network,0.9622135363110064,0.9622135363110064,1.0,0.2178523591545472,2.079493716383346e-06,True,0.00020129198674112558
4,global_depolarizing_p08,linear_inversion,0.9784887736118514,0.9534347555510312,0.940000025221442,0.053442508791316526,-0.0016756316380838459,False,0.0003438749990891665
4,global_depolarizing_p08,maximum_likelihood,0.9763456532903189,0.9523057197978353,0.940000025221442,0.052061362793269055,7.117312843175351e-13,True,0.0698105420160573
4,global_depolarizing_p08,neural_network,0.946558858025343,0.9446128695298223,0.940000025221442,0.2453692348890509,4.038345305457294e-05,True,0.00020379098714329302
4,amplitude_damping_p08,linear_inversion,0.9861756681153501,0.9268817755042643,0.9255127275926067,0.0839657433019253,-0.030057790790795236,False,0.00034516601590439677
4,amplitude_damping_p08,maximum_likelihood,0.983280335095348,0.9216130926242746,0.9255127275926067,0.04682055213418336,1.5545966268631373e-13,True,0.06999020799412392
4,amplitude_damping_p08,neural_network,0.912710906197877,0.8995493695540833,0.9255127275926067,0.32559657799583974,3.09970513983865e-05,True,0.00020520799444057047
4,phase_damping_p08,linear_inversion,0.9894501710126058,0.9134223588500369,0.9291712577598814,0.07757051508858354,-0.014654317161082621,False,0.0003517500008456409
4,phase_damping_p08,maximum_likelihood,0.9910179514728534,0.9221529586408314,0.9291712577598814,0.05511236106662153,2.725184430772624e-13,True,0.07008087501162663
4,phase_damping_p08,neural_network,0.9232196341935116,0.9363518301987938,0.9291712577598814,0.29918628616876203,8.900758781037693e-07,True,0.00020599999697878957
4,biased_pauli_02_01_05,linear_inversion,0.9789785643070689,0.9003312998529863,0.883810989355452,0.09160441256937313,-0.01871782164159513,False,0.0003604580124374479
4,biased_pauli_02_01_05,maximum_likelihood,0.9845739875272721,0.8972277317099494,0.883810989355452,0.0464191969305593,3.210575641655064e-11,True,0.06995791700319387
4,biased_pauli_02_01_05,neural_network,0.9242323041045722,0.9455931987779408,0.883810989355452,0.23602773615754957,0.0001774869699889428,True,0.00021808300516568124
4,coherent_z_rotation_008rad,linear_inversion,0.9976051078740368,0.9964536447796825,0.9975121063913647,0.062111178192705035,-0.02351156698778354,False,0.000355791999027133
4,coherent_z_rotation_008rad,maximum_likelihood,0.997016679223381,0.9948607522934058,0.9975121063913647,0.03770480606860194,2.3617257820561275e-15,True,0.07045558298705146
4,coherent_z_rotation_008rad,neural_network,0.9663988633652109,0.9635918456538114,0.9975121063913647,0.21458728637724125,6.18462955955662e-07,True,0.0002103750011883676
4,readout_assignment_3pct_5pct,linear_inversion,0.9437739291996187,0.9437739291996187,1.0,0.12127724996177747,-0.04031076369015731,False,0.0003573749854695052
4,readout_assignment_3pct_5pct,maximum_likelihood,0.9335758926897612,0.9335758926897612,1.0,0.10545594096185562,6.85606778892767e-13,True,0.06974779200390913
4,readout_assignment_3pct_5pct,neural_network,0.9711692730474561,0.9711692730474561,1.0,0.20325312310543658,3.5439324506554824e-05,True,0.0002181250019930303
5,finite_shots_only,linear_inversion,1.0,1.0,1.0,0.0829431514316425,-0.04421517889937745,False,0.0003485000052023679
5,finite_shots_only,maximum_likelihood,0.9967542798076291,0.9967542798076291,1.0,0.0479992118085196,1.2463574170324288e-14,True,0.07019333299831487
5,finite_shots_only,neural_network,0.9563819026378669,0.9563819026378669,1.0,0.25405483581054705,5.790439362345073e-06,True,0.00026450000586919487
5,global_depolarizing_p08,linear_inversion,0.9768233214572868,0.9372543706127181,0.9400000099479744,0.08464047740937185,-0.008335672760076098,False,0.0004036659956909716
5,global_depolarizing_p08,maximum_likelihood,0.974938575528785,0.9486343636800005,0.9400000099479744,0.060930316705358395,3.325980080350587e-13,True,0.07023937499616295
5,global_depolarizing_p08,neural_network,0.959584449110892,0.9305152004174687,0.9400000099479744,0.22875287043954098,0.0017331349295036328,True,0.00021112500689923763
5,amplitude_damping_p08,linear_inversion,1.0,0.9394160117937601,0.9408616723853015,0.0946685657004338,-0.022924236933373872,False,0.00035200000274926424
5,amplitude_damping_p08,maximum_likelihood,0.9943629407024664,0.9343881150061617,0.9408616723853015,0.05484303474686159,3.9571529864876525e-14,True,0.0696324170276057
5,amplitude_damping_p08,neural_network,0.9394259983702766,0.8993316472416487,0.9408616723853015,0.2712316700974807,0.003725436950543064,True,0.00021429199841804802
5,phase_damping_p08,linear_inversion,0.9869332122263008,0.9379696663822231,0.9538192066927454,0.08345327081679502,-0.00024087268911711804,False,0.0003516669967211783
5,phase_damping_p08,maximum_likelihood,0.9856468928587702,0.9335475320769823,0.9538192066927454,0.08111242311885701,1.4739653322488488e-12,True,0.06983766600023955
5,phase_damping_p08,neural_network,0.9488263489401673,0.9258237101617023,0.9538192066927454,0.20642812542408157,0.0035408735932982447,True,0.00020829198183491826
5,biased_pauli_02_01_05,linear_inversion,0.982530079055225,0.8977614079147456,0.8947528339734125,0.08302502438767446,-0.007195850629639694,False,0.00035512499744072556
5,biased_pauli_02_01_05,maximum_likelihood,0.9749523857870074,0.8866299112756327,0.8947528339734125,0.05612855428595259,1.4507641480195975e-12,True,0.07052249999833293
5,biased_pauli_02_01_05,neural_network,0.9463689084721641,0.9064086676799965,0.8947528339734125,0.23796626235900964,0.0043825014369429285,True,0.00020970799960196018
5,coherent_z_rotation_008rad,linear_inversion,0.9838350570467552,0.9825015690089512,0.9987661863573998,0.05801701377232859,-0.017483844013036015,False,0.00035133399069309235
5,coherent_z_rotation_008rad,maximum_likelihood,0.9831621538511492,0.9825882658686771,0.9987661863573998,0.038889358483378586,2.7551640812098315e-13,True,0.0703576669911854
5,coherent_z_rotation_008rad,neural_network,0.9615492781174336,0.9626386438813556,0.9987661863573998,0.19145468902347115,0.00028992647337382574,True,0.00020670797675848007
5,readout_assignment_3pct_5pct,linear_inversion,0.8998361082167812,0.8998361082167812,1.0,0.13965608341636068,0.0025940284329801747,True,0.0003777499950956553
5,readout_assignment_3pct_5pct,maximum_likelihood,0.9157238179149808,0.9157238179149808,1.0,0.11734220688330603,0.004661214351252221,True,0.07019749999744818
5,readout_assignment_3pct_5pct,neural_network,0.9017656700739258,0.9017656700739258,1.0,0.22596643177392176,0.0066521717561894384,True,0.0002042090054601431
6,finite_shots_only,linear_inversion,0.9949492072001515,0.9949492072001515,1.0,0.09200894315663614,-0.03541856677932106,False,0.0003481250023469329
6,finite_shots_only,maximum_likelihood,0.9876264158804419,0.9876264158804419,1.0,0.06744682377843171,5.432622665872217e-17,True,0.07314708398189396
6,finite_shots_only,neural_network,0.8931603111295461,0.8931603111295461,1.0,0.31129816812412114,0.00816265774826798,True,0.00023791700368747115
6,global_depolarizing_p08,linear_inversion,0.9799866198753348,0.9528668937488698,0.9400000223312492,0.07523957195199732,-0.011448928257530733,False,0.0003535409923642874
6,global_depolarizing_p08,maximum_likelihood,0.974911294749482,0.9444608280759724,0.9400000223312492,0.05882926363953392,1.9907545327345673e-13,True,0.06972058300743811
6,global_depolarizing_p08,neural_network,0.9379650750767717,0.8399355421649493,0.9400000223312492,0.3158996004628969,0.01951923278631264,True,0.00021208400721661747
6,amplitude_damping_p08,linear_inversion,0.9954636755946038,0.9063930616964521,0.9101944728483661,0.060677958908278554,-0.006740389980362476,False,0.0003487089998088777
6,amplitude_damping_p08,maximum_likelihood,0.9912893192350394,0.9001903753607641,0.9101944728483661,0.04067820837734652,1.551646152123082e-13,True,0.0695849169860594
6,amplitude_damping_p08,neural_network,0.9360711375568999,0.8108364257710123,0.9101944728483661,0.2933845943593918,0.01789737865654327,True,0.0002053749922197312
6,phase_damping_p08,linear_inversion,1.0,0.9207497774210139,0.9237665205271904,0.06284326728378002,-0.019827937175392402,False,0.0003481250023469329
6,phase_damping_p08,maximum_likelihood,0.9877617646152933,0.9160814425202052,0.9237665205271904,0.05178055591656147,1.076928124113684e-13,True,0.07006570798694156
6,phase_damping_p08,neural_network,0.9106822493896423,0.8201493938649154,0.9237665205271904,0.34418228255525296,0.021151332251526902,True,0.0002162500168196857
6,biased_pauli_02_01_05,linear_inversion,0.9577734802508576,0.8713272931104196,0.8509716510543361,0.07914637159997806,-0.009643144287801587,False,0.0003510829992592335
6,biased_pauli_02_01_05,maximum_likelihood,0.9486458052051149,0.8796562608421629,0.8509716510543361,0.08011024637510035,6.34170029319492e-12,True,0.07027675001882017
6,biased_pauli_02_01_05,neural_network,0.9289345440591924,0.8109224163643051,0.8509716510543361,0.315686659419445,0.017891814274364204,True,0.0002137910050805658
6,coherent_z_rotation_008rad,linear_inversion,1.0,1.0,0.9960201444383785,0.05826776159076257,-0.03518387216019163,False,0.0003499160229694098
6,coherent_z_rotation_008rad,maximum_likelihood,0.9991331874925103,0.9962325277730011,0.9960201444383785,0.038469504070884224,2.9977270907584586e-15,True,0.06964279100066051
6,coherent_z_rotation_008rad,neural_network,0.8583891791873945,0.8504081855920919,0.9960201444383785,0.31771763578352397,0.009134987339580531,True,0.00020237499848008156
6,readout_assignment_3pct_5pct,linear_inversion,0.8822352324295565,0.8822352324295565,1.0,0.1643215815210105,-0.019568547769436305,False,0.0003549579996615648
6,readout_assignment_3pct_5pct,maximum_likelihood,0.8766913888436232,0.8766913888436232,1.0,0.15767604901076526,4.93754284798585e-13,True,0.06980458300677128
6,readout_assignment_3pct_5pct,neural_network,0.7901114669930668,0.7901114669930668,1.0,0.34718233017669775,0.01731370273615312,True,0.00021404199651442468
7,finite_shots_only,linear_inversion,1.0,1.0,1.0,0.05556306867787916,-0.0274165459988297,False,0.0003551660047378391
7,finite_shots_only,maximum_likelihood,0.9964602094349461,0.9964602094349461,1.0,0.03519974285363685,4.871308699917801e-14,True,0.06975720898481086
7,finite_shots_only,neural_network,0.9672305749382273,0.9672305749382273,1.0,0.2180025675548525,2.0054633099556766e-05,True,0.00020683399634435773
7,global_depolarizing_p08,linear_inversion,0.9868729141751046,0.9146484947861373,0.9400000082804195,0.05915046873820336,0.00646779666171309,True,0.00036249999538995326
7,global_depolarizing_p08,maximum_likelihood,0.9869798695314115,0.9415238933327419,0.9400000082804195,0.05309321972948596,0.0026464560003075315,True,0.06955466698855162
7,global_depolarizing_p08,neural_network,0.9649764558360143,0.935788473833279,0.9400000082804195,0.16714112453133992,0.0008140581474975951,True,0.00020820897771045566
7,amplitude_damping_p08,linear_inversion,0.9995108775046176,0.9341636213449914,0.9228021661938655,0.05679919382537973,-0.01783767359995091,False,0.0003515419957693666
7,amplitude_damping_p08,maximum_likelihood,0.990857367619996,0.9312312964072909,0.9228021661938655,0.044880216978879596,1.2521272856779135e-13,True,0.06972841601236723
7,amplitude_damping_p08,neural_network,0.9605801020374974,0.951722917352377,0.9228021661938655,0.13837796288358142,0.0022507798591312315,True,0.00020770900300703943
7,phase_damping_p08,linear_inversion,1.0,0.9888159947732166,0.9507202348157234,0.09255674412270927,-0.03880706313190811,False,0.0003520839964039624
7,phase_damping_p08,maximum_likelihood,0.9822127093433487,0.9731706536150544,0.9507202348157234,0.04711722627089661,1.3845758510180386e-14,True,0.07077987500815652
7,phase_damping_p08,neural_network,0.9483846516218009,0.9577272572040414,0.9507202348157234,0.2507073670549528,2.85849835546994e-09,True,0.00020645899348892272
7,biased_pauli_02_01_05,linear_inversion,0.9899942885654036,0.9188823567291687,0.8945346103226391,0.08660930867239716,-0.017633697340964843,False,0.0003473329998087138
7,biased_pauli_02_01_05,maximum_likelihood,0.9793005386121553,0.9015648403560346,0.8945346103226391,0.0700339170329508,7.87621670253329e-13,True,0.0701425000152085
7,biased_pauli_02_01_05,neural_network,0.9369401907513872,0.9714925379402708,0.8945346103226391,0.17145958502550893,0.00012737705845796508,True,0.00020187502377666533
7,coherent_z_rotation_008rad,linear_inversion,1.0,1.0,0.9979560767135373,0.06548011865834513,-0.030856857908725586,False,0.00034758300171233714
7,coherent_z_rotation_008rad,maximum_likelihood,0.9949957664069438,0.9927395893010648,0.9979560767135373,0.04990803563864753,2.1466266455411476e-14,True,0.07029287499608472
7,coherent_z_rotation_008rad,neural_network,0.9659388788296358,0.9545007523893777,0.9979560767135373,0.22105359689742543,4.509172322834592e-08,True,0.00021304099936969578
7,readout_assignment_3pct_5pct,linear_inversion,0.908297589844572,0.908297589844572,1.0,0.14292951680191202,-0.030076470952574527,False,0.0003596660098992288
7,readout_assignment_3pct_5pct,maximum_likelihood,0.9078220567341437,0.9078220567341437,1.0,0.127830804610046,1.1702573241166775e-13,True,0.07041287500760518
7,readout_assignment_3pct_5pct,neural_network,0.9082184379822505,0.9082184379822505,1.0,0.20403260525915945,0.0037066573772699,True,0.00020579100237227976
