backend,n_qubits,state_type,state_index,shots_per_setting,settings,method,fidelity,hs_distance,estimated_purity,minimum_eigenvalue,reconstruction_seconds
jax,1,product,0,100,3,linear,1.0,0.050480307459633104,1.0338000000000003,-0.016623654123579645,0.18657329201232642
jax,1,product,0,100,3,projected,0.9990343213708587,0.04394720990321171,0.9999999999999998,2.390746028558695e-17,0.324244000017643
jax,1,product,0,100,3,low_rank,0.9990343213708587,0.04394720990321171,0.9999999999999998,2.390746028558695e-17,0.09638245799578726
jax,1,product,0,100,3,shrinkage,0.964063286511401,0.06520303134898879,0.9323779999999992,0.03503871128877852,0.07831762498244643
jax,1,product,0,100,3,mle,0.9990825874228291,0.04283494297444967,0.9999999999987749,6.12660327059978e-13,0.35879270802251995
jax,1,product,0,500,3,linear,0.9894885991824887,0.017855316874275554,0.9792959999999999,0.010461441763776882,0.0012842920259572566
jax,1,product,0,500,3,projected,0.9894885938296574,0.01785531687427569,0.9792959999999995,0.010461441763776879,0.0006521250179503113
jax,1,product,0,500,3,low_rank,0.9999489717662462,0.010102687386524128,0.9999999999999996,1.130985931203494e-17,0.0005361250077839941
jax,1,product,0,500,3,shrinkage,0.9405397344466913,0.08455939395840492,0.8882297599999995,0.05941529758739922,0.0006641250220127404
jax,1,product,0,500,3,mle,0.9894885938296574,0.017855316874275717,0.9792959999999997,0.010461441763777071,0.006146250001620501
jax,1,product,1,100,3,linear,0.9839445580330315,0.13004185454666833,0.9848000000000001,0.007658654996353114,0.0012525829952210188
jax,1,product,1,100,3,projected,0.9839445693537603,0.13004185454666833,0.9848000000000005,0.007658654996353099,0.0005264169885776937
jax,1,product,1,100,3,low_rank,0.9914726005408067,0.13059405697776516,1.0000000000000004,-3.1142638882750794e-18,0.0004597500083036721
jax,1,product,1,100,3,shrinkage,0.9355501022297288,0.14692785828610966,0.8926880000000007,0.05689278949671773,0.0006260419904720038
jax,1,product,1,100,3,mle,0.9839445651982677,0.13004185454666833,0.9848000000000002,0.007658654996352978,0.004393333016196266
jax,1,product,1,500,3,linear,0.9855322100500883,0.03554712514902158,0.9723280000000001,0.01403292292584258,0.0013612920010928065
jax,1,product,1,500,3,projected,0.9855322100500883,0.03554712514902162,0.9723280000000001,0.01403292292584254,0.000638458994217217
jax,1,product,1,500,3,low_rank,0.9995525662664684,0.029914335477546742,1.0,4.1202997561993693e-17,0.0004625410074368119
jax,1,product,1,500,3,shrinkage,0.9369789808521377,0.09288551176434443,0.8825856800000002,0.06262963063325841,0.0006429589993786067
jax,1,product,1,500,3,mle,0.9855322145023557,0.03554712514902156,0.9723280000000003,0.01403292292584254,0.004374209005618468
jax,1,product,2,100,3,linear,0.9857513521262199,0.08060580467658916,0.9780000000000002,0.01112373753678726,0.001188042020658031
jax,1,product,2,100,3,projected,0.9857513528651457,0.0806058046765892,0.9780000000000003,0.01112373753678726,0.0004898749757558107
jax,1,product,2,100,3,low_rank,0.9968039864307916,0.07995015408626399,1.0,1.120913990696869e-16,0.0004432499990798533
jax,1,product,2,100,3,shrinkage,0.937176216913598,0.11325884589207316,0.8871800000000001,0.060011363783108576,0.0006213750166352838
jax,1,product,2,100,3,mle,0.9857513521262199,0.08060580467658919,0.9780000000000002,0.011123737536787338,0.005772042000899091
jax,1,product,2,500,3,linear,0.9732233116704504,0.04491521634256577,0.9484640000000002,0.026468586047345803,0.0012091250100638717
jax,1,product,2,500,3,projected,0.9732233116704502,0.04491521634256591,0.948464,0.026468586047345803,0.000516875006724149
jax,1,product,2,500,3,low_rank,0.9996746909767514,0.025507803339550827,0.9999999999999998,-1.145151253447575e-17,0.00044641600106842816
jax,1,product,2,500,3,shrinkage,0.9259009870582906,0.10702279660516054,0.8632558399999998,0.07382172744261122,0.0006117089942563325
jax,1,product,2,500,3,mle,0.9732233116704504,0.04491521634256583,0.948464,0.026468586047345734,0.0241384579858277
jax,1,product,3,100,3,linear,1.0,0.08063131763105247,1.0306,-0.015072810387036527,0.0012449159985408187
jax,1,product,3,100,3,projected,0.9970649654540726,0.07661640266721935,0.9999999999999997,-7.486333733453687e-17,0.0005546250031329691
jax,1,product,3,100,3,low_rank,0.9970649654540726,0.07661640266721935,0.9999999999999997,-7.486333733453687e-17,0.0004668750043492764
jax,1,product,3,100,3,shrinkage,0.9608443657776853,0.0899848234127715,0.9297859999999998,0.03643447065166706,0.0006520000169984996
jax,1,product,3,100,3,mle,0.9966589956672391,0.08174385296542892,0.9999999999985847,7.078766138023739e-13,0.02708841601270251
jax,1,product,3,500,3,linear,0.9527586481514155,0.08199228100344226,0.9122400000000002,0.045995594735029004,0.0012331249890848994
jax,1,product,3,500,3,projected,0.952758644393013,0.08199228100344236,0.91224,0.04599559473502901,0.0005350830033421516
jax,1,product,3,500,3,low_rank,0.9986280173467499,0.05238287226278081,1.0,3.4379772035890667e-17,0.00045591601519845426
jax,1,product,3,500,3,shrinkage,0.9074827951071558,0.1376548609012141,0.8339144000000007,0.09139603526152615,0.0006342080014292151
jax,1,product,3,500,3,mle,0.9527586329279254,0.08199228100344229,0.91224,0.04599559473502899,0.004334500001277775
jax,1,product,4,100,3,linear,0.9363494158615189,0.13153390542731944,0.8899999999999999,0.058411956683607616,0.0011880419915542006
jax,1,product,4,100,3,projected,0.9363494158615189,0.13153390542731935,0.8899999999999999,0.058411956683607644,0.00046708399895578623
jax,1,product,4,100,3,low_rank,0.9940684325926198,0.10891811197035131,0.9999999999999998,-2.4714872888128498e-17,0.00043591600842773914
jax,1,product,4,100,3,shrinkage,0.892714480170032,0.17455959283083455,0.8158999999999998,0.1025707610152468,0.0006109589885454625
jax,1,product,4,100,3,mle,0.9363494158615189,0.1315339054273194,0.8899999999999999,0.05841195668360769,0.00460720801493153
jax,1,product,4,500,3,linear,1.0,0.056130650269408056,1.037352,-0.018339656981790284,0.0011918339878320694
jax,1,product,4,500,3,projected,0.9988048551611529,0.04889058884586148,1.0000000000000004,-8.423798153491339e-17,0.0005052500055171549
jax,1,product,4,500,3,low_rank,0.9988048551611529,0.04889058884586148,1.0000000000000004,-8.423798153491339e-17,0.00044420899939723313
jax,1,product,4,500,3,shrinkage,0.9653906075451504,0.06688725521128797,0.9352551200000001,0.03349430871638877,0.0006147079984657466
jax,1,product,4,500,3,mle,0.9987282869892602,0.05043239058589727,0.9999999999987285,6.358828561439366e-13,0.027197083982173353
jax,1,haar,0,100,3,linear,1.0,0.11967917200310287,1.0493999999999999,-0.02411830725514632,0.001216208009282127
jax,1,haar,0,100,3,projected,0.9937229328096494,0.1120452991978426,1.0,9.907282225324866e-19,0.0005285420047584921
jax,1,haar,0,100,3,low_rank,0.9937229328096494,0.1120452991978426,1.0,9.907282225324866e-19,0.00045970798237249255
jax,1,haar,0,100,3,shrinkage,0.9657846103572701,0.11595168731076504,0.9450140000000002,0.028293523470368225,0.0006244580144993961
jax,1,haar,0,100,3,mle,0.9958813587482228,0.09075947610522642,0.9999999999993414,3.2915483748610553e-13,0.027753125003073364
jax,1,haar,0,500,3,linear,1.0,0.03533442844076394,1.006152,-0.003066595989039983,0.0012041669979225844
jax,1,haar,0,500,3,projected,0.9993888933763831,0.034960230483046695,1.0000000000000004,-7.66572673874815e-18,0.0005352910084184259
jax,1,haar,0,500,3,low_rank,0.9993888933763831,0.034960230483046695,1.0000000000000004,-7.66572673874815e-18,0.00045816702186129987
jax,1,haar,0,500,3,shrinkage,0.9522065714125459,0.07463236328773139,0.90998312,0.04724006360986404,0.0006238330097403377
jax,1,haar,0,500,3,mle,0.9994022218147353,0.03457681837279767,0.9999999999982565,8.717937805267081e-13,0.019136040995363146
jax,1,haar,1,100,3,linear,0.9842956773140021,0.0721709454835859,0.9738,0.013276259054481853,0.0015363330021500587
jax,1,haar,1,100,3,projected,0.9842956773140021,0.07217094548358584,0.9738000000000003,0.013276259054481846,0.0006186670216266066
jax,1,haar,1,100,3,low_rank,0.9975057290799143,0.07062992853242754,1.0000000000000002,-1.391836638938639e-17,0.0004935409815516323
jax,1,haar,1,100,3,shrinkage,0.9358661095826019,0.10975327254708726,0.8837780000000003,0.06194863314903355,0.0007236670062411577
jax,1,haar,1,100,3,mle,0.9842956773140019,0.07217094548358599,0.9738,0.013276259054481902,0.005804292013635859
jax,1,haar,1,500,3,linear,1.0,0.043873667771762555,1.002168,-0.0010828274846386165,0.0014360830246005207
jax,1,haar,1,500,3,projected,0.999040800448762,0.043799533130784545,0.9999999999999999,-9.37947246176192e-17,0.000572290999116376
jax,1,haar,1,500,3,low_rank,0.999040800448762,0.043799533130784545,0.9999999999999999,-9.37947246176192e-17,0.0004784170014318079
jax,1,haar,1,500,3,shrinkage,0.95010940152865,0.08085350240634157,0.9067560800000001,0.0490254552638253,0.0006471250089816749
jax,1,haar,1,500,3,mle,0.9991621925250165,0.04093466163939827,0.9999999999981569,9.2167618838029e-13,0.015952040994307026
jax,1,haar,2,100,3,linear,0.9992711743592975,0.10515536734473685,1.0096000000000003,-0.004777178564958555,0.001483333995565772
jax,1,haar,2,100,3,projected,0.9945461042619693,0.10444037282613743,1.0,5.591504001672183e-17,0.000572208984522149
jax,1,haar,2,100,3,low_rank,0.9945461042619693,0.10444037282613743,1.0,5.591504001672183e-17,0.0004648749891202897
jax,1,haar,2,100,3,shrinkage,0.9493440569233678,0.11869240141334193,0.9127760000000001,0.04570053929153737,0.0006492920219898224
jax,1,haar,2,100,3,mle,0.9947122117526913,0.10283772131060659,0.9999999999982434,8.783691337820853e-13,0.021388833003584296
jax,1,haar,2,500,3,linear,1.0,0.03551664064119986,1.007944,-0.003956347315915864,0.0011921249970328063
jax,1,haar,2,500,3,projected,0.9993897654028873,0.03493521424331547,0.9999999999999999,-4.364589435452193e-17,0.0005539999983739108
jax,1,haar,2,500,3,low_rank,0.9993897654028873,0.03493521424331547,0.9999999999999999,-4.364589435452193e-17,0.0004627909802366048
jax,1,haar,2,500,3,shrinkage,0.9530071668996697,0.07362288086045361,0.9114346399999996,0.04643928741567573,0.0006133330170996487
jax,1,haar,2,500,3,mle,0.9993359334665075,0.03644365988146019,0.999999999998205,8.97615895834717e-13,0.018374167004367337
jax,1,haar,3,100,3,linear,0.951598953850985,0.10393311454021598,0.9139999999999999,0.045027473356907044,0.0012264589895494282
jax,1,haar,3,100,3,projected,0.9515989749434323,0.10393311454021609,0.9140000000000006,0.045027473356907155,0.0005301669880282134
jax,1,haar,3,100,3,low_rank,0.9962925586702884,0.08610977537800678,1.0000000000000007,-3.1576615347913783e-18,0.0004560000088531524
jax,1,haar,3,100,3,shrinkage,0.9064390584658866,0.1498728897039978,0.8353400000000004,0.09052472602121638,0.000632707990007475
jax,1,haar,3,100,3,mle,0.9515989538509853,0.10393311454021616,0.9139999999999999,0.0450274733569069,0.004345333989476785
jax,1,haar,3,500,3,linear,1.0,0.048075653213450635,1.048632,-0.02375184963873872,0.001206125016324222
jax,1,haar,3,500,3,projected,0.9994353396030035,0.033605368529327,0.9999999999999993,1.2609692035121565e-16,0.0004685839812736958
jax,1,haar,3,500,3,low_rank,0.9994353396030035,0.033605368529327,0.9999999999999993,1.2609692035121565e-16,0.00043662500684149563
jax,1,haar,3,500,3,shrinkage,0.9708443292056446,0.05199289940664982,0.9443919199999993,0.0286233353251352,0.0006157500029075891
jax,1,haar,3,500,3,mle,0.999342974500646,0.0362502077527087,0.9999999999986466,6.768448699684274e-13,0.018604291981318966
jax,1,haar,4,100,3,linear,0.9959953424614876,0.11405838450996739,1.005,-0.0024937810560443662,0.0012448749912437052
jax,1,haar,4,100,3,projected,0.9935338119201198,0.11372060569553313,0.9999999999999998,-7.388958576165046e-17,0.0005299579934217036
jax,1,haar,4,100,3,low_rank,0.9935338119201198,0.11372060569553313,0.9999999999999998,-7.388958576165046e-17,0.0004563750117085874
jax,1,haar,4,100,3,shrinkage,0.9463958082153389,0.12750836666400062,0.9090499999999999,0.04775559704956004,0.0006531249964609742
jax,1,haar,4,100,3,mle,0.9931747521877006,0.11683553603115132,0.9999999999981593,9.20181153816071e-13,0.018550957989646122
jax,1,haar,4,500,3,linear,0.9846651652598571,0.10758099032953958,0.980904,0.009640947875946741,0.001204625004902482
jax,1,haar,4,500,3,projected,0.9846651652598571,0.1075809903295397,0.9809040000000001,0.009640947875946711,0.0005430419987533242
jax,1,haar,4,500,3,low_rank,0.9941941714940742,0.1077574531716518,1.0,-9.965661510088303e-17,0.00045245798537507653
jax,1,haar,4,500,3,shrinkage,0.9361986588229765,0.13090050623376562,0.8895322399999994,0.05867685308835219,0.00061495800036937
jax,1,haar,4,500,3,mle,0.9846651703319517,0.10758099032953986,0.9809040000000002,0.009640947875946777,0.005563957995036617
jax,1,mixed,0,100,3,linear,0.9959417846929423,0.08877083182520985,0.8946000000000001,0.05581535370974379,0.0013211249897722155
jax,1,mixed,0,100,3,projected,0.9959417846929423,0.08877083182520985,0.8946000000000001,0.05581535370974379,0.0005721659981645644
jax,1,mixed,0,100,3,low_rank,0.9340003277962386,0.12800286464986835,1.0,-2.872056968343451e-17,0.0004620840190909803
jax,1,mixed,0,100,3,shrinkage,0.9914059981320681,0.10008383195976538,0.819625999999999,0.10023381833876945,0.0006509170052595437
jax,1,mixed,0,100,3,mle,0.9959417846929423,0.08877083182520983,0.8946000000000001,0.05581535370974385,0.005046583013609052
jax,1,mixed,0,500,3,linear,0.9997985098918944,0.02004387328830029,0.8836320000000002,0.0620319646366872,0.0012337910011410713
jax,1,mixed,0,500,3,projected,0.9997985098918949,0.020043873288300488,0.8836319999999998,0.06203196463668736,0.0005300420161802322
jax,1,mixed,0,500,3,low_rank,0.9381687657877892,0.0897099906780072,0.9999999999999997,1.3415969725162515e-17,0.0005028749874327332
jax,1,mixed,0,500,3,shrinkage,0.9933493089893038,0.06537002421494528,0.8107419200000003,0.10582876817301844,0.0008174579998012632
jax,1,mixed,0,500,3,mle,0.9997985098918949,0.020043873288299967,0.883632,0.06203196463668717,0.00451579102082178
jax,1,mixed,1,100,3,linear,0.9897364416624591,0.12325001415489759,0.8162,0.10238209295857917,0.0011972500069532543
jax,1,mixed,1,100,3,projected,0.9897364416624598,0.12325001415489747,0.8162000000000006,0.10238209295857918,0.00048033398343250155
jax,1,mixed,1,100,3,low_rank,0.8453287552120549,0.23993466959604093,1.0000000000000007,1.6864833544261407e-16,0.0004490830178838223
jax,1,mixed,1,100,3,shrinkage,0.9949504903933496,0.10018045594095523,0.7561220000000008,0.1421438836627212,0.0006163340003695339
jax,1,mixed,1,100,3,mle,0.9897364416624598,0.12325001415489749,0.8162000000000005,0.10238209295857896,0.004326290974859148
jax,1,mixed,1,500,3,linear,0.9976039600516561,0.0662416503734795,0.7276480000000001,0.16262187385664742,0.001259166980162263
jax,1,mixed,1,500,3,projected,0.9976039600516552,0.06624165037347947,0.7276480000000001,0.16262187385664734,0.0005247920053079724
jax,1,mixed,1,500,3,low_rank,0.849375194708974,0.22243148178338604,1.0000000000000002,4.8974079692386885e-17,0.0004704589955508709
jax,1,mixed,1,500,3,shrinkage,0.9940572696382208,0.09101348791281191,0.6843948800000001,0.19635968647098254,0.0006394170050043613
jax,1,mixed,1,500,3,mle,0.9976039600516554,0.0662416503734794,0.727648,0.16262187385664736,0.00436216700472869
jax,1,mixed,2,100,3,linear,0.996245780675283,0.0653382187716111,0.9628,0.018959461167772324,0.0012127920053899288
jax,1,mixed,2,100,3,projected,0.9962457806752795,0.06533821877161107,0.9628000000000023,0.018959461167771918,0.00047149998135864735
jax,1,mixed,2,100,3,low_rank,0.9657282651838288,0.0784171874366215,1.0000000000000013,-7.98766604137266e-17,0.00044062500819563866
jax,1,mixed,2,100,3,shrinkage,0.9916216496727244,0.07714111975469275,0.8748679999999993,0.067063515050995,0.0006193750014062971
jax,1,mixed,2,100,3,mle,0.9962457806752799,0.06533821877161156,0.962800000000002,0.018959461167771238,0.004558374988846481
jax,1,mixed,2,500,3,linear,0.9985506674796145,0.053083430912670045,0.942016,0.029885120422677904,0.0012167500099167228
jax,1,mixed,2,500,3,projected,0.9985506674796136,0.05308343091266986,0.9420159999999991,0.029885120422678078,0.0005090830090921372
jax,1,mixed,2,500,3,low_rank,0.9662711109801325,0.07115882789426287,0.9999999999999993,-3.711780658751072e-18,0.00044783297926187515
jax,1,mixed,2,500,3,shrinkage,0.9886783068047236,0.08071680978395872,0.8580329600000003,0.07689660838041017,0.0006169170083012432
jax,1,mixed,2,500,3,mle,0.9985506674796139,0.05308343091266994,0.9420159999999993,0.029885120422678355,0.004315124999266118
jax,1,mixed,3,100,3,linear,0.9912706362218777,0.10091554526277348,0.7618000000000001,0.13819894969748908,0.001370374986436218
jax,1,mixed,3,100,3,projected,0.9912706362218775,0.10091554526277355,0.7617999999999999,0.13819894969748908,0.0005539169942494482
jax,1,mixed,3,100,3,low_rank,0.9072655343171615,0.15247714857541578,0.9999999999999999,9.56871924150158e-18,0.0004466660029720515
jax,1,mixed,3,100,3,shrinkage,0.981353006996278,0.13921775714565351,0.712058,0.17437905472774015,0.0006398340046871454
jax,1,mixed,3,100,3,mle,0.9912706362218775,0.10091554526277355,0.7617999999999999,0.13819894969748908,0.004352290998212993
jax,1,mixed,3,500,3,linear,0.9987369687712396,0.037959650414243415,0.81016,0.1061980193041178,0.0011789589771069586
jax,1,mixed,3,500,3,projected,0.9987369687712387,0.037959650414243595,0.8101599999999995,0.10619801930411776,0.00046762501006014645
jax,1,mixed,3,500,3,low_rank,0.9104216142866545,0.13014255642258662,0.9999999999999991,2.8893475841001144e-17,0.00043562499922700226
jax,1,mixed,3,500,3,shrinkage,0.9918113955507492,0.08461957758205843,0.7512295999999996,0.1455782173737058,0.0006275410123635083
jax,1,mixed,3,500,3,mle,0.998736968771239,0.03795965041424366,0.8101599999999995,0.10619801930411792,0.004342416999861598
jax,1,mixed,4,100,3,linear,0.9996671539949756,0.12429477702007795,1.0916000000000001,-0.043874985635485926,0.0012035410036332905
jax,1,mixed,4,100,3,projected,0.9576630760721622,0.06456804258679207,1.000000000000001,3.345128286825791e-17,0.0005039579991716892
jax,1,mixed,4,100,3,low_rank,0.9576630760721622,0.06456804258679207,1.000000000000001,3.345128286825791e-17,0.00044870900455862284
jax,1,mixed,4,100,3,shrinkage,0.9889652814158181,0.0510860784780542,0.9791960000000008,0.01051251292806256,0.0006249999860301614
jax,1,mixed,4,100,3,mle,0.9577385869369575,0.06339189846135353,0.9999999999990323,4.838436179102118e-13,0.0240473750163801
jax,1,mixed,4,500,3,linear,0.9652792465736953,0.07508126067216088,1.016032,-0.007952753708452713,0.0014312090061139315
jax,1,mixed,4,500,3,projected,0.957665573864585,0.06452907920660114,1.0000000000000002,-3.459014828633619e-17,0.0005648749938700348
jax,1,mixed,4,500,3,low_rank,0.957665573864585,0.06452907920660114,1.0000000000000002,-3.459014828633619e-17,0.0004640829865820706
jax,1,mixed,4,500,3,shrinkage,0.9997064405075922,0.02408549590419441,0.9179859200000002,0.04284252166239251,0.0006405829917639494
jax,1,mixed,4,500,3,mle,0.9576273674672746,0.06512432655948933,0.999999999998191,9.045314530000664e-13,0.018622125004185364
jax,2,product,0,100,9,linear,0.9832315834003206,0.13541378294703788,0.9848000000000001,-0.0648776792022477,0.199217540997779
jax,2,product,0,100,9,projected,0.9529805056748085,0.10989307923067013,0.9180374048682958,-2.912158158532899e-16,0.2457609590201173
jax,2,product,0,100,9,low_rank,0.9954877510060183,0.09499753069936184,0.9999999999999994,-7.035537772891758e-17,0.0749059590161778
jax,2,product,0,100,9,shrinkage,0.8988090713485649,0.15434846766750734,0.8214415442447558,2.6071151198707712e-17,0.08070108300307766
jax,2,product,0,100,9,mle,0.9718047325689468,0.08830014975400313,0.9514062878860617,1.6323555329437226e-16,0.5581115420209244
jax,2,product,0,500,9,linear,0.9993649038634134,0.10201115841402383,1.009136,-0.06824955161216147,0.0063393750169780105
jax,2,product,0,500,9,projected,0.9709143693526702,0.06184211134272232,0.9456531714315012,-2.2585237949199994e-17,0.0005828749854117632
jax,2,product,0,500,9,low_rank,0.9988343734895317,0.048283628175263854,1.0000000000000004,-6.574234964337958e-17,0.0004874170117545873
jax,2,product,0,500,9,shrinkage,0.9123274498318686,0.11913543699439705,0.838848094063884,3.007731838760058e-17,0.0006612080032937229
jax,2,product,0,500,9,mle,0.9924845042547608,0.03315360721538273,0.9860681485830626,3.804437668861957e-15,0.32431445800466463
jax,2,product,1,100,9,linear,0.9997388053166903,0.21707697470837944,1.0466,-0.07127973534771163,0.0065666669979691505
jax,2,product,1,100,9,projected,0.9544944919457894,0.18973639809146553,0.9449888462546421,-2.0510033412924067e-17,0.000583083980018273
jax,2,product,1,100,9,low_rank,0.9820100595053193,0.18968371671259193,0.999999999999999,-1.374754162048464e-17,0.00047516601625829935
jax,2,product,1,100,9,shrinkage,0.9086437218608963,0.20773426984340765,0.86044096546626,-6.269074095139224e-18,0.0006512499821837991
jax,2,product,1,100,9,mle,0.9614103159265642,0.12749097266777815,0.9390745276114306,8.632356466403892e-14,0.3257965420198161
jax,2,product,1,500,9,linear,1.0,0.05699990509640495,1.020308,-0.031025833002914255,0.006318208994343877
jax,2,product,1,500,9,projected,0.9935634318071788,0.0424847805873163,0.9889317833944932,-4.173152653391208e-17,0.0005777920014224946
jax,2,product,1,500,9,low_rank,0.9991206406237256,0.041937473960311146,1.0000000000000013,-1.1478572311730309e-17,0.0004697499971371144
jax,2,product,1,500,9,shrinkage,0.93170347754933,0.09264086400063351,0.8719892530131532,-1.6906526898225794e-17,0.0006529579986818135
jax,2,product,1,500,9,mle,0.997540957685767,0.040428387292030014,0.9967163462868949,6.175723910234611e-14,0.32816370800719596
jax,2,product,2,100,9,linear,1.0,0.11848769901445987,1.0436,-0.06679303491188701,0.006828624987974763
jax,2,product,2,100,9,projected,0.9711686680770693,0.07132125070814994,0.947424044369083,-1.8201684089707228e-17,0.0006234580068849027
jax,2,product,2,100,9,low_rank,0.9981289157845125,0.06117347105091214,0.9999999999999991,-5.5641805254775e-17,0.00048512499779462814
jax,2,product,2,100,9,shrinkage,0.9239714895581774,0.12029347725104508,0.8624134759389583,-6.766410081079487e-17,0.000666750012896955
jax,2,product,2,100,9,mle,0.9849764425775365,0.054155223950413015,0.9728856065173558,2.414370897247745e-15,0.32594433397753164
jax,2,product,2,500,9,linear,1.0,0.09080372540974618,1.0281680000000002,-0.05706554251380383,0.0063752080022823066
jax,2,product,2,500,9,projected,0.9844718501835396,0.05971956734507602,0.9725100840070522,-9.375970480170372e-17,0.0005887500010430813
jax,2,product,2,500,9,low_rank,0.998381662150055,0.05689252065879195,1.0000000000000009,-3.22504425107625e-17,0.0004842919879592955
jax,2,product,2,500,9,shrinkage,0.9251897391131564,0.10694675272173877,0.8618170261420932,5.75687091702423e-17,0.0006548330129589885
jax,2,product,2,500,9,mle,0.9933653671616486,0.03030922075592301,0.9876493052138415,3.5755287836185365e-14,0.3252652910014149
jax,2,product,3,100,9,linear,1.0,0.18519257855261304,1.1021999999999998,-0.09124825646147391,0.00628670901642181
jax,2,product,3,100,9,projected,0.9814802472793848,0.13564048216481112,0.9813587875728216,-1.5552719362481598e-16,0.0005381669907364994
jax,2,product,3,100,9,low_rank,0.990790897160189,0.13571382507487897,0.9999999999999998,-1.5038575793226488e-16,0.00046745900181122124
jax,2,product,3,100,9,shrinkage,0.9329346543338961,0.15502053885408099,0.8899006179339867,-3.3154159667236736e-17,0.0006474579859059304
jax,2,product,3,100,9,mle,0.9952947330813948,0.09036315476312103,0.9987549436504405,-9.85768377462927e-18,0.32382112499908544
jax,2,product,3,500,9,linear,1.0,0.05657040719812983,1.003472,-0.030021822011933364,0.006632499978877604
jax,2,product,3,500,9,projected,0.9837457994389541,0.041588380877450135,0.9692211690881923,-5.33774857593583e-17,0.0005867909931112081
jax,2,product,3,500,9,low_rank,0.9993668846806447,0.03558483664561526,0.9999999999999998,-3.3588165982574456e-17,0.00047320901649072766
jax,2,product,3,500,9,shrinkage,0.9244494250747876,0.10030778977610814,0.8589604548662191,1.3877787704746783e-17,0.000654415984172374
jax,2,product,3,500,9,mle,0.9886895040843657,0.04740401499007352,0.9796260898341107,9.57400229817909e-14,0.32408616598695517
jax,2,product,4,100,9,linear,1.0,0.17483892455866848,1.0962999999999998,-0.08165254275551749,0.0062767500057816505
jax,2,product,4,100,9,projected,0.9732312718793297,0.11696990909489263,0.96014447617938,-1.2311178984505708e-16,0.0005709159886464477
jax,2,product,4,100,9,low_rank,0.9934191021032223,0.11472513897669367,1.0000000000000013,-2.2430714596396837e-16,0.00046854099491611123
jax,2,product,4,100,9,shrinkage,0.9256279088949684,0.1464964716251075,0.8727170257052993,-7.396283026503849e-17,0.0006455410039052367
jax,2,product,4,100,9,mle,0.9845992660285563,0.0758350608355548,0.9749494276085362,2.132219517822422e-14,0.3236864169884939
jax,2,product,4,500,9,linear,0.969298549176521,0.07204814050398674,0.9437879999999998,-0.019258335714527078,0.006268708006246015
jax,2,product,4,500,9,projected,0.9563838664526945,0.06652067587939062,0.9171926848319237,-1.1486442692348867e-17,0.0005882089899387211
jax,2,product,4,500,9,low_rank,0.9996429754398749,0.026722259207130058,1.000000000000001,-2.3318168206889133e-16,0.00047145801363512874
jax,2,product,4,500,9,shrinkage,0.8973686862315462,0.13126660312156313,0.8119682800000001,0.007667497856925644,0.0006543340277858078
jax,2,product,4,500,9,mle,0.9815286341521883,0.039308251756812594,0.9646023750621019,1.1594940729387941e-14,0.32310591600253247
jax,2,haar,0,100,9,linear,0.989118052606755,0.15054536566041987,1.0009,-0.0887467760988709,0.006616874976316467
jax,2,haar,0,100,9,projected,0.9498318361304938,0.10497854644357894,0.9106841070289802,-7.557905350344257e-17,0.0008554170199204236
jax,2,haar,0,100,9,low_rank,0.9964884186753182,0.08380451194759189,0.9999999999999998,-1.6751806343517457e-16,0.000504916999489069
jax,2,haar,0,100,9,shrinkage,0.897055248908917,0.153370621886753,0.8176330047505651,1.8560630632533538e-16,0.00068299999111332
jax,2,haar,0,100,9,mle,0.966432022936074,0.08040066503246976,0.9393282802403157,2.54616802749326e-14,0.3217156669998076
jax,2,haar,0,500,9,linear,1.0,0.06584452982000542,1.03974,-0.026222193975775545,0.00654537498485297
jax,2,haar,0,500,9,projected,0.9967275429149851,0.04919926898658183,0.9958755952319619,-8.590071617384187e-17,0.0005719580221921206
jax,2,haar,0,500,9,low_rank,0.9987911135050406,0.04917140589980881,1.0,-1.0911947231209338e-16,0.0004738749994430691
jax,2,haar,0,500,9,shrinkage,0.9409320651887497,0.08846101907900294,0.8896894000000011,0.0014000254218019823,0.0006487920181825757
jax,2,haar,0,500,9,mle,0.9995187457789791,0.0243606301637069,0.9996309083917265,1.3190431646941884e-13,0.3205752079957165
jax,2,haar,1,100,9,linear,1.0,0.20960947249657955,1.0769000000000002,-0.10090874590374542,0.006636292004259303
jax,2,haar,1,100,9,projected,0.9595491192782221,0.15703093364317056,0.9437569214941124,2.517385729298879e-17,0.0005813750030938536
jax,2,haar,1,100,9,low_rank,0.9880941442271618,0.15431059881471706,1.0000000000000004,-1.4981585447068364e-16,0.00047404199722222984
jax,2,haar,1,100,9,shrinkage,0.9131205144077673,0.18221454850468805,0.8594431064102301,-6.389935334874644e-17,0.0006685830012429506
jax,2,haar,1,100,9,mle,0.9667927946099721,0.12288913827813158,0.9486872804821878,6.081742824761224e-14,0.3220940419996623
jax,2,haar,1,500,9,linear,0.9960903187791671,0.06840609263426686,0.9968600000000001,-0.029938259891772158,0.006242375005967915
jax,2,haar,1,500,9,projected,0.981393117857875,0.057440048472600556,0.9660855665760631,5.634894735963334e-17,0.0005771249998360872
jax,2,haar,1,500,9,low_rank,0.9986223111095505,0.052492344516606684,1.0000000000000016,-1.3456782974133626e-16,0.0004628750029951334
jax,2,haar,1,500,9,shrinkage,0.9208337731639353,0.10948886454464965,0.8536552696340023,-4.095493876814282e-17,0.0006468749779742211
jax,2,haar,1,500,9,mle,0.987127951697185,0.04275310584171071,0.9760836857898216,3.037133191271628e-13,0.3219843340048101
jax,2,haar,2,100,9,linear,1.0,0.15621609392084582,1.0421999999999998,-0.058561784163840044,0.006334416975732893
jax,2,haar,2,100,9,projected,0.9832379861725848,0.1381246809735606,0.9855543549945136,-7.488528800290014e-17,0.0005935830122325569
jax,2,haar,2,100,9,low_rank,0.9903993697591799,0.13856876914105035,1.0000000000000002,-1.524532985418846e-16,0.0004782910109497607
jax,2,haar,2,100,9,shrinkage,0.923878929122513,0.15630190489133744,0.8721881287152506,6.481542724741046e-17,0.0008123749867081642
jax,2,haar,2,100,9,mle,0.9932855467418508,0.08272947408924655,0.9934151926058281,1.004852278958165e-16,0.3277570409991313
jax,2,haar,2,500,9,linear,1.0,0.07820287829872645,1.012472,-0.045529194391616866,0.006680916005279869
jax,2,haar,2,500,9,projected,0.979912769592468,0.053445312390367594,0.9626818937432031,8.702150443647965e-18,0.0005888330051675439
jax,2,haar,2,500,9,low_rank,0.9989111266243101,0.046666809282078725,0.9999999999999992,-2.311850169121725e-16,0.0004707080079242587
jax,2,haar,2,500,9,shrinkage,0.9225467654661395,0.10732016252446767,0.856611148216555,4.4249001163691485e-17,0.000655833980999887
jax,2,haar,2,500,9,mle,0.993797877012953,0.04158012120808727,0.9893246567655879,3.81130130367253e-15,0.33027295899228193
jax,2,haar,3,100,9,linear,0.9644254210180836,0.14124166690089648,0.9488,-0.03602377860418923,0.006256874999962747
jax,2,haar,3,100,9,projected,0.9501002201155608,0.133809915534159,0.9181055122032635,-4.055135134257208e-17,0.0005433750047814101
jax,2,haar,3,100,9,low_rank,0.9923763533009146,0.1234801003848919,1.0000000000000002,-1.902582798155747e-17,0.00046429099165834486
jax,2,haar,3,100,9,shrinkage,0.8905349636339158,0.17302339194740898,0.8110069632521528,-2.450296913035272e-17,0.0006600409979000688
jax,2,haar,3,100,9,mle,0.9582133593116027,0.10047631139185118,0.9265221793246626,4.777943388020751e-15,0.32783287501661107
jax,2,haar,3,500,9,linear,0.9953031579282264,0.0551155547575217,0.9936440000000002,-0.015589529376155584,0.006389499991200864
jax,2,haar,3,500,9,projected,0.9849123837934893,0.05017080798777947,0.9723418474569798,-4.907872497959087e-17,0.0005790840077679604
jax,2,haar,3,500,9,low_rank,0.9989191665500433,0.046494116465235755,0.9999999999999999,-7.832732256441321e-17,0.0004680419806391001
jax,2,haar,3,500,9,shrinkage,0.9207728504254605,0.10395187318469197,0.8523516400000015,0.010969423561459937,0.0006515830173157156
jax,2,haar,3,500,9,mle,0.9852323885943718,0.033920228710212635,0.9716153591044966,2.752791679738253e-13,0.3223034580005333
jax,2,haar,4,100,9,linear,0.98728854015631,0.1884752966571868,1.0101,-0.06727821967096811,0.006245416007004678
jax,2,haar,4,100,9,projected,0.9400625139139228,0.15401604476125302,0.9038459170431814,1.2798937776510236e-17,0.0005587500054389238
jax,2,haar,4,100,9,low_rank,0.9901854399428683,0.14010417889503354,1.0000000000000009,-6.371178969711901e-17,0.0004630829789675772
jax,2,haar,4,100,9,shrinkage,0.8955869179093486,0.1895821500290568,0.8271151928049755,-1.9211082554377897e-17,0.0006458749994635582
jax,2,haar,4,100,9,mle,0.97477790324298,0.0811669854710168,0.9561438297453828,2.9415081139363073e-15,0.3234420840162784
jax,2,haar,4,500,9,linear,1.0,0.08232490441813373,1.027508,-0.041569610452432695,0.006327041977783665
jax,2,haar,4,500,9,projected,0.9882788793489988,0.06360891912555429,0.9806038302465084,-9.230236225951834e-18,0.0005752500146627426
jax,2,haar,4,500,9,low_rank,0.9980366136252703,0.06266434658426556,1.0000000000000002,-1.4383674321575266e-16,0.0004755839763674885
jax,2,haar,4,500,9,shrinkage,0.9301931479841592,0.10447350559725317,0.8713009485748002,1.9258948566477657e-18,0.0006682910025119781
jax,2,haar,4,500,9,mle,0.993812791083078,0.03291855718195867,0.9887091666294104,3.207671058711473e-14,0.3214179589995183
jax,2,mixed,0,100,9,linear,0.9495550963720029,0.1491521230287972,0.4144,0.00385067115022034,0.006417542026611045
jax,2,mixed,0,100,9,projected,0.9495550963720039,0.1491521230287972,0.414399999999999,0.003850671150220184,0.0005944170115981251
jax,2,mixed,0,100,9,low_rank,0.5472762982781058,0.5603363534078086,0.9999999999999976,-1.9281340018182253e-16,0.0004855410079471767
jax,2,mixed,0,100,9,shrinkage,0.9692402750388166,0.14518491865450742,0.38316399999999995,0.028465604035198454,0.000680458004353568
jax,2,mixed,0,100,9,mle,0.9676655084727067,0.13571896273094808,0.4115737650712452,0.01569856238149786,0.3212098339863587
jax,2,mixed,0,500,9,linear,0.9937897881021821,0.0695269005037222,0.417756,0.025262656790249093,0.006301250017713755
jax,2,mixed,0,500,9,projected,0.9937897881021825,0.0695269005037221,0.4177559999999994,0.02526265679024913,0.0005529579939320683
jax,2,mixed,0,500,9,low_rank,0.5478849200938125,0.5592491534431252,0.9999999999999984,-1.360567860510853e-16,0.00046545799705199897
jax,2,mixed,0,500,9,shrinkage,0.994912042128449,0.07145272062984898,0.38588236000000026,0.04773639111122409,0.000648292014375329
jax,2,mixed,0,500,9,mle,0.9944118128776641,0.05404629381248396,0.4066326601383389,0.030471133313606933,0.3199800000002142
jax,2,mixed,1,100,9,linear,0.9673368661591104,0.08777380894202307,0.5733,-0.011472268432117504,0.006213624990778044
jax,2,mixed,1,100,9,projected,0.9586532628937876,0.08264928051308676,0.5654763371212844,1.1042022785818637e-17,0.0005390830046962947
jax,2,mixed,1,100,9,low_rank,0.7192461589805333,0.3723738843785622,1.0000000000000007,-2.0587961448907927e-17,0.00047391699627041817
jax,2,mixed,1,100,9,shrinkage,0.9668667078581529,0.10272426141356969,0.5118730000000005,0.014674958411094282,0.0006453329988289624
jax,2,mixed,1,100,9,mle,0.9661183215743723,0.11264920965363306,0.6326365068967648,3.9766022878787194e-13,0.3175584999844432
jax,2,mixed,1,500,9,linear,0.993549808766214,0.0765662820566069,0.5789920000000001,-0.011845437262109128,0.006248042016522959
jax,2,mixed,1,500,9,projected,0.9824598540809701,0.07242054547464548,0.570907955980019,2.5548219446785372e-17,0.0005685409996658564
jax,2,mixed,1,500,9,low_rank,0.7182359258395522,0.3750769727535883,0.9999999999999987,-1.191599829104792e-16,0.0004872499848715961
jax,2,mixed,1,500,9,shrinkage,0.9891198033847356,0.09155507901567489,0.5164835199999992,0.014339106464101843,0.000644292013021186
jax,2,mixed,1,500,9,mle,0.9831302989767932,0.056839266297610776,0.5828881866235952,8.065401672604614e-13,0.31983904098160565
jax,2,mixed,2,100,9,linear,0.9548439065628503,0.23201759444775288,0.6645999999999999,-0.04201286318035591,0.006486416998086497
jax,2,mixed,2,100,9,projected,0.919236991394024,0.21182290118510103,0.6342379836496145,-1.4858112015768935e-17,0.0005695419968105853
jax,2,mixed,2,100,9,low_rank,0.7111851935237489,0.39277329129901906,1.0000000000000002,-2.195639121130615e-17,0.00046508401283062994
jax,2,mixed,2,100,9,shrinkage,0.9177875127784726,0.20387399743660753,0.5770661000895216,7.61855012114533e-17,0.0006538750021718442
jax,2,mixed,2,100,9,mle,0.9363177731636396,0.1273220296315752,0.5664249465599993,7.575832406038069e-12,0.32047958398470655
jax,2,mixed,2,500,9,linear,0.9545409581766329,0.07221666857250658,0.599236,-0.00023313247404583927,0.006232541985809803
jax,2,mixed,2,500,9,projected,0.9543335169893485,0.07203360799582369,0.5990805058829693,-1.322036392571233e-17,0.0005489169852808118
jax,2,mixed,2,500,9,low_rank,0.7376477569889489,0.3183484668075984,1.0000000000000007,-1.4612713214388612e-16,0.00046370801283046603
jax,2,mixed,2,500,9,shrinkage,0.9890926689997063,0.07698444364090316,0.5328811600000009,0.024790180773358744,0.000646417000098154
jax,2,mixed,2,500,9,mle,0.9532893802506666,0.07560733070358287,0.5903901913677336,1.5379496327679795e-12,0.3270030419807881
jax,2,mixed,3,100,9,linear,1.0,0.20449199613978014,0.6636000000000001,-0.10593784237852434,0.006738708005286753
jax,2,mixed,3,100,9,projected,0.9691560216371768,0.14696865950164253,0.5780110031505605,-1.8220987915554667e-17,0.0006183749937918037
jax,2,mixed,3,100,9,low_rank,0.7653088958768908,0.3180475086011415,0.9999999999999988,-1.3974466061465752e-16,0.000491584010887891
jax,2,mixed,3,100,9,shrinkage,0.9624748214011329,0.16882661641980926,0.5315222458852868,-1.4522595975206282e-17,0.0006578750035259873
jax,2,mixed,3,100,9,mle,0.9730135412969612,0.11558157749887323,0.571342582715768,8.403732692909065e-14,0.32531154199386947
jax,2,mixed,3,500,9,linear,0.9403196057422707,0.12224256528242271,0.652224,-0.022881806604998823,0.006344334018649533
jax,2,mixed,3,500,9,projected,0.9262011080449924,0.10516424633289409,0.6362713594986563,-2.3608640251115197e-17,0.0005999999993946403
jax,2,mixed,3,500,9,low_rank,0.7721453998709428,0.29577221812337656,1.0000000000000013,-1.0301404920452727e-17,0.0004784170014318079
jax,2,mixed,3,500,9,shrinkage,0.930836230188419,0.12420129132056273,0.5758014400000004,0.004406374055500973,0.0006633329903706908
jax,2,mixed,3,500,9,mle,0.9263794965214139,0.09904200910257033,0.649880517317256,1.1758549316915788e-12,0.32554437502403744
jax,2,mixed,4,100,9,linear,0.936442903827044,0.220671440226059,0.3971,0.0021598119838048976,0.006726040999637917
jax,2,mixed,4,100,9,projected,0.9364429038270435,0.220671440226059,0.3971,0.0021598119838048533,0.0005979579873383045
jax,2,mixed,4,100,9,low_rank,0.4335365933662796,0.7261481673310796,0.9999999999999998,-4.139470097587049e-17,0.0004754590045195073
jax,2,mixed,4,100,9,shrinkage,0.9364917782274642,0.21218795916466276,0.3691510000000004,0.02694383078542427,0.0006520000169984996
jax,2,mixed,4,100,9,mle,0.9648981760450355,0.1530317207487976,0.39226099352607013,0.0050079391040298606,0.3240531250194181
jax,2,mixed,4,500,9,linear,0.9903252574310907,0.07733458496204375,0.40548799999999996,-0.0026867167406756597,0.006372707983246073
jax,2,mixed,4,500,9,projected,0.9877328299522986,0.076805244546415,0.4036872309104233,8.47958182258308e-17,0.0005872090114280581
jax,2,mixed,4,500,9,low_rank,0.48521220325869313,0.651106706415087,1.0000000000000004,-1.3021493517142366e-16,0.0004729999927803874
jax,2,mixed,4,500,9,shrinkage,0.9870142799844265,0.07632226519366567,0.37594527999999994,0.02258195493339186,0.0006561249902006239
jax,2,mixed,4,500,9,mle,0.9899699736352341,0.06932098381206046,0.4064771499285794,9.649542670840662e-13,0.31964237499050796
