sample,state_type,shots_per_setting,method,hs_distance,fidelity,minimum_eigenvalue,inference_seconds
0,product,500,linear_inversion,0.06830495349488098,1.0,-0.03587246183439432,0.00022341600015352014
0,product,500,maximum_likelihood,0.04400509533288995,0.9945638194853793,1.28893246611238e-16,0.021691833000659244
0,product,500,neural_network,0.25714798663387,0.9413673355738981,5.162787223014711e-07,9.204200068779755e-05
1,haar,500,linear_inversion,0.05887259613153449,1.0,-0.03909515356737612,0.00020383299852255732
1,haar,500,maximum_likelihood,0.031941677635129895,0.9929290640251163,5.375847614737993e-15,0.02190162499937287
1,haar,500,neural_network,0.35149730206047963,0.9230018709590566,6.913514256611477e-09,8.574999992561061e-05
2,mixed,500,linear_inversion,0.07817954947206349,0.9773291000642237,-0.0014974387347156841,0.0002107500004058238
2,mixed,500,maximum_likelihood,0.05910072785918021,0.9832698163453304,8.495575739966708e-13,0.021283124999172287
2,mixed,500,neural_network,0.42910715405576105,0.7894423191924804,0.048419986600466564,6.408300032489933e-05
3,product,500,linear_inversion,0.05747666528428697,1.0,-0.03518549217036879,0.000198124998860294
3,product,500,maximum_likelihood,0.021943012302276497,0.9961451689360346,5.279479491279887e-16,0.021609375000480213
3,product,500,neural_network,0.17087389522794644,0.9676504719919393,1.4143021153760353e-06,5.625000085274223e-05
4,haar,500,linear_inversion,0.06565727264340636,0.9981925648668588,-0.02098251559023906,0.00021708300118916668
4,haar,500,maximum_likelihood,0.0341460034700302,0.9916419125742504,1.0343608168651228e-13,0.021613875000184635
4,haar,500,neural_network,0.14254002425602647,0.9497814353874912,0.0001424432991013798,5.437499930849299e-05
5,mixed,500,linear_inversion,0.09952320133764278,0.9854317462852978,0.06437429633865058,0.0002152500001102453
5,mixed,500,maximum_likelihood,0.07612408961069228,0.9913132732116613,0.04822553869929706,0.02160037500107137
5,mixed,500,neural_network,0.24226410044698918,0.9394408031259616,0.03853222088318696,5.824999971082434e-05
6,product,500,linear_inversion,0.04952402062411137,0.9897037062711138,-0.017876081451359344,0.00020858300013060216
6,product,500,maximum_likelihood,0.03200619114635711,0.9933012182849517,4.1402420399228465e-17,0.021678707998944446
6,product,500,neural_network,0.27479901420155556,0.9451358432826986,1.4914523762570411e-06,5.6834000133676454e-05
7,haar,500,linear_inversion,0.1003704681082633,0.9981169108623017,-0.03998480019583856,0.00019537499974831007
7,haar,500,maximum_likelihood,0.059047433281421494,0.9764947312707286,1.0018458226988835e-14,0.021624499999234104
7,haar,500,neural_network,0.2659926812204729,0.9262302714555025,0.0018034762972324104,5.408300057752058e-05
8,mixed,500,linear_inversion,0.08628646810486734,1.0,-0.01657321483602982,0.0002103749993693782
8,mixed,500,maximum_likelihood,0.07650069939751089,0.9835797033750046,5.537734726207735e-13,0.02171608299977379
8,mixed,500,neural_network,0.31500597080919707,0.8886273081758556,0.04284951302623937,5.612499990093056e-05
9,product,500,linear_inversion,0.08152331645855156,1.0,-0.03273079694964728,0.00019420799981162418
9,product,500,maximum_likelihood,0.051478579598632876,0.9986749894100518,2.554206380310112e-13,0.00465795799937041
9,product,500,neural_network,0.20315255011832004,0.9670377807401764,1.6743358149961893e-05,5.545800013351254e-05
10,haar,500,linear_inversion,0.07599109629306604,0.9930006963713424,-0.027809511970023633,0.00019508300101733766
10,haar,500,maximum_likelihood,0.04330575859959258,0.9791607586635588,4.082203277383632e-14,0.021972832999381353
10,haar,500,neural_network,0.2762471349522988,0.9195806542723953,0.0017461410667440021,5.533299918170087e-05
11,mixed,500,linear_inversion,0.08872866472301448,0.982584886934415,0.026750599184212492,0.00019950000023527537
11,mixed,500,maximum_likelihood,0.08355046267490868,0.9867503201594948,0.02109688376564083,0.021741582999311504
11,mixed,500,neural_network,0.2817089118462275,0.9101373429452202,0.03375740043528068,5.574999886448495e-05
12,product,500,linear_inversion,0.05639283355023005,0.9908259513840634,-0.025852302080549505,0.000194709000425064
12,product,500,maximum_likelihood,0.032128524343099554,0.9901412740601538,8.737959959812646e-17,0.021587167000689078
12,product,500,neural_network,0.14286935959545705,0.9647819019243108,2.1244865555117745e-06,5.3625000873580575e-05
13,haar,500,linear_inversion,0.06374726864037825,0.9954021590750045,-0.034122816137019694,0.0002006659997277893
13,haar,500,maximum_likelihood,0.038320357015467994,0.9970042490116835,2.301362155883256e-13,0.02157733400053985
13,haar,500,neural_network,0.1993012828239415,0.9516403318259986,1.4800826182574403e-06,6.020900036673993e-05
14,mixed,500,linear_inversion,0.09344122835676984,0.9960652998185775,-0.006910267324530587,0.00019791700105997734
14,mixed,500,maximum_likelihood,0.05695015474653045,0.9960139072860587,1.1997517855068202e-13,0.02176549999967392
14,mixed,500,neural_network,0.2501625395176705,0.9174209261433959,0.02268116881011589,5.770899952040054e-05
15,product,500,linear_inversion,0.05247348939791918,1.0,-0.03549226345406524,0.00019824999981210567
15,product,500,maximum_likelihood,0.03462708891948168,0.9947769146949172,1.653634042883113e-13,0.02161924999927578
15,product,500,neural_network,0.20676582136717805,0.9674907592890823,0.0005067237508593154,5.2834000598522834e-05
16,haar,500,linear_inversion,0.09115231374351124,0.9870416519403465,-0.05960274335675838,0.00021062499945401214
16,haar,500,maximum_likelihood,0.04276821345114478,0.9858746685210762,1.2347620919221222e-14,0.021720875000028173
16,haar,500,neural_network,0.19195381099952624,0.8998169648623359,0.012358902792156002,5.129100100020878e-05
17,mixed,500,linear_inversion,0.08592420001994955,0.9919587039232345,0.041366106457709564,0.0002000839995162096
17,mixed,500,maximum_likelihood,0.07564211501116722,0.994066336801564,0.03903246257683476,0.021660332999090315
17,mixed,500,neural_network,0.3638388986994657,0.8894406336572592,0.07233402600984676,5.208299990044907e-05
18,product,500,linear_inversion,0.04117451300371754,0.9977643411276209,-0.014469904258008565,0.0001965000010386575
18,product,500,maximum_likelihood,0.03544148910740368,0.9920796565784765,3.205225488757232e-13,0.021411499999885564
18,product,500,neural_network,0.15074231573055139,0.9839418943587873,3.298658474688529e-05,6.858300002932083e-05
19,haar,500,linear_inversion,0.06893618287622333,0.9769359129463453,-0.024041296793528708,0.0002083749986923067
19,haar,500,maximum_likelihood,0.058971285740984036,0.9742278667494887,2.7285163248954054e-14,0.02136666700062051
19,haar,500,neural_network,0.6526953559477223,0.6068030593234586,0.0023981924748784325,5.6165999922086485e-05
20,mixed,500,linear_inversion,0.0690559310798293,0.9871681697824951,0.0001746796527463647,0.00019779099966399372
20,mixed,500,maximum_likelihood,0.061309145118103696,0.9883268175181598,0.00019533450527492457,0.02153941599863174
20,mixed,500,neural_network,0.2695597875485299,0.8590900724855208,0.033787559020420035,5.9374999182182364e-05
21,product,500,linear_inversion,0.07982245187668736,0.998654192265882,-0.023790923369088272,0.00020329099970695097
21,product,500,maximum_likelihood,0.04026810776832178,0.9930235472795806,2.339010628823956e-15,0.021640499999193707
21,product,500,neural_network,0.29516643031541806,0.9182297126829971,1.2442621984379776e-05,5.2583000069716945e-05
22,haar,500,linear_inversion,0.09144752778407227,0.99691668316787,-0.052906394400576075,0.00020245799896656536
22,haar,500,maximum_likelihood,0.05361971423326138,0.9888534337346987,4.643772416679229e-15,0.021624332999635953
22,haar,500,neural_network,0.22013502503237808,0.9511403514013577,1.3394140411535594e-07,5.31250007043127e-05
23,mixed,500,linear_inversion,0.08217488097377314,0.9906707193404266,0.022105525397857255,0.00020829099958064035
23,mixed,500,maximum_likelihood,0.07371790727043709,0.9922924330570497,0.021573770919021736,0.021522167000512127
23,mixed,500,neural_network,0.239487093659853,0.942268770822752,0.04136882341752775,7.687499964958988e-05
24,product,500,linear_inversion,0.06286894018487403,1.0,-0.03694516864408475,0.0002087500015477417
24,product,500,maximum_likelihood,0.02136508238740109,0.9996083881245079,3.243201191680128e-14,0.021428166000987403
24,product,500,neural_network,0.20934729200772295,0.9739878701520849,4.687125522602813e-08,6.116699842095841e-05
25,haar,500,linear_inversion,0.07444285754244247,1.0,-0.04037459643722278,0.00021087499953864608
25,haar,500,maximum_likelihood,0.03943444963557534,0.9987348703622384,5.889734635466736e-17,0.021624958000757033
25,haar,500,neural_network,0.10163452656498366,0.9865488881948192,1.1723578237108685e-05,5.841699930897448e-05
26,mixed,500,linear_inversion,0.07664588112712897,0.998596964052761,-0.005655716993452123,0.00019608399998105597
26,mixed,500,maximum_likelihood,0.05016890074947854,0.9963006963608565,7.032474413624442e-13,0.021564874999967287
26,mixed,500,neural_network,0.2392891007528356,0.9228835384650643,0.03273843307351245,5.820799924549647e-05
27,product,500,linear_inversion,0.12207301852752492,0.9713971081448736,-0.02969968296817723,0.0002116249997925479
27,product,500,maximum_likelihood,0.03952666233612301,0.9837512096750194,7.774638454609735e-17,0.02160908299993025
27,product,500,neural_network,0.27631661286479087,0.892080866522284,2.6784913292081562e-05,5.679099922417663e-05
28,haar,500,linear_inversion,0.0912146979527298,0.968733952873836,-0.024526054742356123,0.00020354200023575686
28,haar,500,maximum_likelihood,0.053786751657073605,0.9713811423038331,4.7613488941934696e-15,0.02157466700009536
28,haar,500,neural_network,0.5180648715298902,0.8463417962136858,1.0550080343042648e-06,5.1125000027241185e-05
29,mixed,500,linear_inversion,0.08271463173917772,1.0,-0.03658652473320531,0.00019495899869070854
29,mixed,500,maximum_likelihood,0.057606794460616735,0.9851264751063057,4.319141713705816e-13,0.018436542000927147
29,mixed,500,neural_network,0.2748571440865107,0.9082013066346148,0.048897945084282725,5.545800013351254e-05
30,product,500,linear_inversion,0.05656188290098787,0.9986823939845451,-0.02662164903555128,0.00020016700000269338
30,product,500,maximum_likelihood,0.04184031427827879,0.9938572415693443,2.1915233119924237e-17,0.021604290999675868
30,product,500,neural_network,0.21646824050301203,0.9694347661306965,0.00018719094503064445,5.545800013351254e-05
31,haar,500,linear_inversion,0.06676425430159372,0.9937352829605156,-0.015028785758448033,0.0001961250000022119
31,haar,500,maximum_likelihood,0.03226807702404724,0.9855724320195256,3.1623972059864836e-14,0.021554124999966007
31,haar,500,neural_network,0.3832324563354215,0.9033937853482524,3.056041800353536e-06,5.5124999562394805e-05
32,mixed,500,linear_inversion,0.10539532342017373,0.9965434157864008,-0.028061642122712047,0.00021704200116801076
32,mixed,500,maximum_likelihood,0.07517161743313769,0.9767685674310921,1.126661562290855e-12,0.02157508300115296
32,mixed,500,neural_network,0.29647686132687434,0.9140231870781688,0.008900401021316812,5.5124999562394805e-05
33,product,500,linear_inversion,0.07167450869813642,1.0,-0.03973386128903662,0.00021004100017307792
33,product,500,maximum_likelihood,0.04976337346705124,0.9928153466672531,3.5773745373955975e-14,0.021514209000088158
33,product,500,neural_network,0.21001321774767617,0.9607573383952436,4.1318214230135774e-05,5.824999971082434e-05
34,haar,500,linear_inversion,0.08327346844475789,0.972788796177354,-0.023729396504485783,0.00019608399998105597
34,haar,500,maximum_likelihood,0.046703425585106643,0.983863024908094,6.536545910951507e-14,0.020931875000314903
34,haar,500,neural_network,0.33264012551141325,0.9082799497245091,0.0006972390663045678,5.654199958371464e-05
35,mixed,500,linear_inversion,0.10407977164491586,0.9828957038606683,0.009448507202498584,0.00020033299915667158
35,mixed,500,maximum_likelihood,0.06747904811401634,0.9938835580372738,0.021659681104663892,0.02132937500027765
35,mixed,500,neural_network,0.3299771831273303,0.9162527296459858,0.04553454562035677,6.0541000493685715e-05
36,product,500,linear_inversion,0.06446244558832047,1.0,-0.026578761191576965,0.00019912500101781916
36,product,500,maximum_likelihood,0.035891126426031955,0.9981556088020133,2.736971441109432e-15,0.022087166998971952
36,product,500,neural_network,0.3126631650883633,0.9036513102678432,1.955338592992913e-10,6.783299977541901e-05
37,haar,500,linear_inversion,0.07623508666411473,0.999810115480493,-0.036176579237310776,0.00019808399883913808
37,haar,500,maximum_likelihood,0.031500222478968574,0.9947382816620227,2.097741836260321e-15,0.021623874999932013
37,haar,500,neural_network,0.1724734806044786,0.9601201095150848,2.4240487714596343e-07,5.566700019699056e-05
38,mixed,500,linear_inversion,0.07915240840645771,0.9907704873769854,0.032237814450193,0.0001984169994102558
38,mixed,500,maximum_likelihood,0.06786813220593144,0.9940340432097025,0.05362303162858554,0.021584083999186987
38,mixed,500,neural_network,0.22293097435306244,0.9281234495706354,0.05023130407686328,5.562500155065209e-05
39,product,500,linear_inversion,0.10441391689283205,0.988656894429274,-0.05061645177031365,0.00019545799841580447
39,product,500,maximum_likelihood,0.03974524267321517,0.9862594689612785,1.535161196453369e-17,0.02136458300083177
39,product,500,neural_network,0.13020612993947253,0.9770962951563409,3.856901855954936e-07,6.141700032458175e-05
40,haar,500,linear_inversion,0.09002788936955432,1.0,-0.04613914592364122,0.0001984999998967396
40,haar,500,maximum_likelihood,0.05023201496615847,0.98982238026607,1.3025596825787588e-14,0.02159895799923106
40,haar,500,neural_network,0.3986875986020682,0.8869158364217532,5.640266428013208e-05,5.750000127591193e-05
41,mixed,500,linear_inversion,0.11835001440180275,1.0,-0.04561841000441906,0.00020529200082819443
41,mixed,500,maximum_likelihood,0.06862530193975903,0.9816306352983029,1.0896814463665712e-13,0.021672167000360787
41,mixed,500,neural_network,0.3424296235310401,0.877911109787696,0.02649967770828676,5.770800089521799e-05
42,product,500,linear_inversion,0.1126990143826615,1.0,-0.04277413350975476,0.00020316699919931125
42,product,500,maximum_likelihood,0.0518512645386074,0.986786579025343,2.0367094340005082e-14,0.021608458999253344
42,product,500,neural_network,0.27236325926660654,0.9474643678784493,5.536523755312156e-06,5.5750000683474354e-05
43,haar,500,linear_inversion,0.09556143653949392,0.9889020407873028,-0.04483077584275881,0.00021508400095626712
43,haar,500,maximum_likelihood,0.0432101543248641,0.9870976494018087,1.4631214765705256e-16,0.021621583999149152
43,haar,500,neural_network,0.27215097508076036,0.9583964478598838,3.6864474636214746e-07,5.366700133890845e-05
44,mixed,500,linear_inversion,0.08076304411064714,0.9946059958553817,-0.007637294982400493,0.00020937500084983185
44,mixed,500,maximum_likelihood,0.07352926438419378,0.9888126860798592,9.525059845607654e-13,0.021288166999511304
44,mixed,500,neural_network,0.18827801373546127,0.9645683138306135,0.020551028863590646,6.0165999457240105e-05
45,product,500,linear_inversion,0.08504202713279525,1.0,-0.03111630023977762,0.0001997500003199093
45,product,500,maximum_likelihood,0.04405063324591819,0.9956993845668827,1.1275910136637343e-14,0.021302999999534222
45,product,500,neural_network,0.19792346489609697,0.9630779750599101,1.1072628081794082e-05,5.249999958323315e-05
46,haar,500,linear_inversion,0.059454457935935866,1.0,-0.012184154599869882,0.00022412500038626604
46,haar,500,maximum_likelihood,0.04489860394019752,0.9947896420735541,5.081152388131791e-16,0.02159899999969639
46,haar,500,neural_network,0.17659446191973538,0.9608431311963302,8.496114596942856e-05,5.212500036577694e-05
47,mixed,500,linear_inversion,0.09343983645339664,0.9999372535522469,-0.014697244505814739,0.00020858300013060216
47,mixed,500,maximum_likelihood,0.06061796435481736,0.988479617978961,3.45636599266706e-13,0.02166324999961944
47,mixed,500,neural_network,0.30578524689609266,0.8484856565801797,0.021075027583439508,5.529200097953435e-05
48,product,500,linear_inversion,0.1026594298372165,1.0,-0.053939834056116846,0.0002020840001932811
48,product,500,maximum_likelihood,0.04488744530331979,0.9923864307096205,2.155789461908869e-15,0.021643832998961443
48,product,500,neural_network,0.15292337506600442,0.9803572905379195,9.458435064148002e-07,5.116700049256906e-05
49,haar,500,linear_inversion,0.09188589423759541,0.9895885032192503,-0.053976842918833166,0.00019933300063712522
49,haar,500,maximum_likelihood,0.0247296403335554,0.991988089309354,2.4354150001936523e-14,0.021625750001476263
49,haar,500,neural_network,0.20846005288120578,0.954659401589119,1.446267694090251e-05,5.587499981629662e-05
50,mixed,500,linear_inversion,0.07270905707897199,0.9935129153379701,0.023683455751900142,0.0001964999992196681
50,mixed,500,maximum_likelihood,0.03931650886093251,0.997578596476659,0.026091213202025183,0.02166616599970439
50,mixed,500,neural_network,0.32876574334111236,0.908792131693826,0.029874476300013667,6.0958000176469795e-05
51,product,500,linear_inversion,0.09492164301967988,0.9882409480368226,-0.05255507465896033,0.0002182909993280191
51,product,500,maximum_likelihood,0.024382270421931477,0.9927719821954617,4.7304219210515726e-15,0.021606958000120358
51,product,500,neural_network,0.2657883509572663,0.9587198790482281,3.843897492320545e-05,5.491699994308874e-05
52,haar,500,linear_inversion,0.0866377677140489,1.0,-0.05908707657839216,0.00019654199968499597
52,haar,500,maximum_likelihood,0.0464434699356637,0.9877036660407803,6.816891332086526e-14,0.02164041600008204
52,haar,500,neural_network,0.3406401732786053,0.9127308539770612,0.0023823163157215663,5.4957999964244664e-05
53,mixed,500,linear_inversion,0.05884724312336826,0.9823628470534963,-0.001253173809542626,0.00019808400065812748
53,mixed,500,maximum_likelihood,0.05927849552259039,0.9817226730288247,1.0174417091945341e-12,0.0216402919995744
53,mixed,500,neural_network,0.4463836034822546,0.8523621723070711,0.031243153156259137,5.075000080978498e-05
54,product,500,linear_inversion,0.08392383652314322,0.9855704092234318,-0.04680371183713306,0.00020112499987590127
54,product,500,maximum_likelihood,0.030330861190090132,0.9900882890274625,3.8761336547810196e-18,0.021145000000615255
54,product,500,neural_network,0.25192720890728815,0.9477455529049642,5.41599671601952e-06,5.712500023946632e-05
55,haar,500,linear_inversion,0.08403242213121291,0.9863092876536906,-0.022159098237978854,0.00019550000070012175
55,haar,500,maximum_likelihood,0.029824152321634167,0.9879781356804671,4.275992258695025e-14,0.021139500000572298
55,haar,500,neural_network,0.19714593019236687,0.956887287685765,7.29008141847811e-05,5.591699846263509e-05
56,mixed,500,linear_inversion,0.0637478968022166,0.9957033991961978,-0.005615967521578477,0.00019470799998089205
56,mixed,500,maximum_likelihood,0.05538368893702287,0.9917974710012084,1.536077500232802e-12,0.02167104199907044
56,mixed,500,neural_network,0.40412382257275864,0.8534788206414395,0.03782272737946652,5.0959000873262994e-05
57,product,500,linear_inversion,0.0778932557803302,1.0,-0.03867009208910706,0.00019512500148266554
57,product,500,maximum_likelihood,0.030709019910304173,0.9957657944872708,1.9252887812660773e-14,0.021553541999310255
57,product,500,neural_network,0.23927426089453208,0.9620956624480641,2.1197857748376375e-07,5.612499990093056e-05
58,haar,500,linear_inversion,0.07900286373050901,0.9981452813096328,-0.03197348066907185,0.00019654099924082402
58,haar,500,maximum_likelihood,0.02720946866285072,0.9952528065448688,8.618747502307004e-14,0.02154829200117092
58,haar,500,neural_network,0.21214838640828634,0.9592559514737329,0.00013138200668728084,5.083399992145132e-05
59,mixed,500,linear_inversion,0.0820142528312433,0.9764598224607479,0.0013279119428867988,0.00021316600032150745
59,mixed,500,maximum_likelihood,0.07555543735542744,0.978494629408378,0.0023195527677199674,0.02142712500062771
59,mixed,500,neural_network,0.37393613367137385,0.8528020843868075,0.058081208735233196,6.012499943608418e-05
